Workbook

Sheet README
B1: CHAIN AUDIT TOOL - Pricing, Placement & Display Compliance
B2: Plan data as of Non-Alc Chain Document 9/8/2026 (+ HW Soda Hot Sheet 8/25/2025 for accounts missing from it)
B4: WHAT EACH TAB IS FOR
B5: Dashboard | C5: Team KPIs, accountability by rep, open discrepancies by type. Nothing to type.
B6: Chain Program | C6: The hot sheet. One row per brand x account: availability, merchandising callout, pricing and the expected shelf price today. Manager-owned.
B7: Promo Calendar | C7: Every promo / case-cost window with start and end dates. Status (Active / Upcoming / Expired) is automatic. Manager-owned.
B8: Visit Log | C8: Reps log each store check: observed price, tag, planogram location, in-stock, display, discrepancy type, notes and follow-up. Expected price and Price Check fill in automatically.
B9: Store History | C9: Before a visit, pick the program (and store #) to see today's plan and the last 20 visit notes for that store, newest first.
B10: Data Review | C10: Conflicts and gaps found while merging the Non-Alc Chain doc (9/8/26) with the HW Soda hot sheet (8/25/25). Work these down, then mark programs 'Current (2026)'.
B11: Lists | C11: Dropdown values: team roster, SKUs, discrepancy types, statuses.
B13: COLOR KEY
B14: Blue text | C14: Plan data the manager maintains (Chain Program, Promo Calendar, Lists).
B15: Yellow cells | C15: Cells reps fill in (Visit Log, Store History selectors).
B16: Grey cells | C16: Formulas. Do not type over them.
B17: Amber 'Confirm for 2026' | C17: Program still relies on 2025 hot-sheet data. Treat expected prices as provisional.
B19: FIELD WORKFLOW (REPS)
B20: 1. Before the visit | C20: Store History tab: pick the program and store #. Read open issues and last notes.
B21: 2. In the store | C21: Check price vs. Expected Shelf Price, shelf tag, planogram location, all authorized SKUs, and the display callout.
B22: 3. Log it | C22: Visit Log: add one row per program checked (add extra rows for SKU-specific price checks). Pick a Discrepancy Type, write notes, set Follow-up Owner, Due Date and Status.
B23: 4. Next visit | C23: Update the Status / Resolved Date of prior open rows when fixed. Do not delete history.
B25: MANAGER WORKFLOW
B26: Add a program | C26: New row at the bottom of Chain Program. Program ID must be unique (Brand | Account).
B27: Add a promo | C27: New row in Promo Calendar: pick the Program ID, SKU (or All), dates, and Unit Retail if it changes shelf price. Leave Unit Retail blank for case-cost-only windows.
B28: Weekly | C28: Dashboard: overdue follow-ups and reps with no visits in 30 days. Data Review: close questions.
B30: SHARING & PERMISSIONS (see docs/RECOMMENDATIONS.md in the repo)
B31: Plan (view-only) | C31: Store this file in SharePoint / OneDrive. Share with the team as 'Can view'. Only the manager has edit rights to Chain Program and Promo Calendar.
B32: Visit notes | C32: Excel cannot give reps 'add rows but not edit the plan' rights inside one file. Recommended: move the Visit Log to a Microsoft List (same columns) with 'create items and edit only their own' permissions. Until then, a separate shared 'Visit Log' workbook with version history works.
B34: NOTES
B35: Expected price | C35: Uses the lowest active retail promo on the visit date for that SKU (or 'All'), else Base Shelf Price. It recalculates if the plan is edited later - for a frozen audit record, move the Visit Log to Microsoft Lists.
B36: History order | C36: Store History treats lower rows as newer. Keep the Visit Log in date order (sort A-Z by Visit Date if needed).
B37: Example row | C37: Visit Log row 6 and the 'EXAMPLE - delete me' roster entry are samples. Delete both before go-live.

Sheet Dashboard
A1: CHAIN AUDIT DASHBOARD
A2: ="As of "&TEXT(TODAY(),"m/d/yyyy")&" | "&"Plan data as of Non-Alc Chain Document 9/8/2026 (+ HW Soda Hot Sheet 8/25/2025 for accounts missing from it)"
A4: KEY NUMBERS | D4: BY BRAND
A5: Programs tracked | B5: =COUNTA('Chain Program'!$A$6:$A$120) | D5: Brand | E5: Programs | F5: Active promos | G5: Open issues
A6: Programs needing 2026 confirmation | B6: =COUNTIF('Chain Program'!$U$6:$U$120,"Confirm for 2026") | D6: ZOA | E6: =COUNTIF('Chain Program'!$B$6:$B$120,D6) | F6: =COUNTIFS('Promo Calendar'!$B$6:$B$400,D6,'Promo Calendar'!$L$6:$L$400,"Active") | G6: =COUNTIFS('Visit Log'!$D$6:$D$1005,D6,'Visit Log'!$T$6:$T$1005,"Open")+COUNTIFS('Visit Log'!$D$6:$D$1005,D6,'Visit Log'!$T$6:$T$1005,"In Progress")
A7: Promo windows active today | B7: =COUNTIF('Promo Calendar'!$L$6:$L$400,"Active") | D7: Henry's | E7: =COUNTIF('Chain Program'!$B$6:$B$120,D7) | F7: =COUNTIFS('Promo Calendar'!$B$6:$B$400,D7,'Promo Calendar'!$L$6:$L$400,"Active") | G7: =COUNTIFS('Visit Log'!$D$6:$D$1005,D7,'Visit Log'!$T$6:$T$1005,"Open")+COUNTIFS('Visit Log'!$D$6:$D$1005,D7,'Visit Log'!$T$6:$T$1005,"In Progress")
A8: Promo windows starting in next 14 days | B8: =COUNTIFS('Promo Calendar'!$I$6:$I$400,">"&TODAY(),'Promo Calendar'!$I$6:$I$400,"<="&TODAY()+14) | D8: Fever-Tree | E8: =COUNTIF('Chain Program'!$B$6:$B$120,D8) | F8: =COUNTIFS('Promo Calendar'!$B$6:$B$400,D8,'Promo Calendar'!$L$6:$L$400,"Active") | G8: =COUNTIFS('Visit Log'!$D$6:$D$1005,D8,'Visit Log'!$T$6:$T$1005,"Open")+COUNTIFS('Visit Log'!$D$6:$D$1005,D8,'Visit Log'!$T$6:$T$1005,"In Progress")
A9: Visits logged, last 30 days | B9: =COUNTIFS('Visit Log'!$A$6:$A$1005,">="&TODAY()-30) | D9: Naked Life | E9: =COUNTIF('Chain Program'!$B$6:$B$120,D9) | F9: =COUNTIFS('Promo Calendar'!$B$6:$B$400,D9,'Promo Calendar'!$L$6:$L$400,"Active") | G9: =COUNTIFS('Visit Log'!$D$6:$D$1005,D9,'Visit Log'!$T$6:$T$1005,"Open")+COUNTIFS('Visit Log'!$D$6:$D$1005,D9,'Visit Log'!$T$6:$T$1005,"In Progress")
A10: Open / in-progress discrepancies | B10: =COUNTIF('Visit Log'!$T$6:$T$1005,"Open")+COUNTIF('Visit Log'!$T$6:$T$1005,"In Progress")
A11: Overdue follow-ups | B11: =COUNTIFS('Visit Log'!$T$6:$T$1005,"Open",'Visit Log'!$S$6:$S$1005,"<"&TODAY())+COUNTIFS('Visit Log'!$T$6:$T$1005,"In Progress",'Visit Log'!$S$6:$S$1005,"<"&TODAY())
A12: Shelf price match rate | B12: =IFERROR(COUNTIF('Visit Log'!$J$6:$J$1005,"Match")/(COUNTIF('Visit Log'!$J$6:$J$1005,"Match")+COUNTIF('Visit Log'!$J$6:$J$1005,"Over plan")+COUNTIF('Visit Log'!$J$6:$J$1005,"Under plan")),"No checks yet")
A15: ACCOUNTABILITY BY REP
A16: Rep | B16: Visits (30 days) | D16: Open issues owned | E16: Overdue | F16: Last visit | G16: Price checks (30 days)
A17: =IF(Lists!$A$4="","",Lists!$A$4) | B17: =IF($A17="","",COUNTIFS('Visit Log'!$B$6:$B$1005,$A17,'Visit Log'!$A$6:$A$1005,">="&TODAY()-30)) | D17: =IF($A17="","",COUNTIFS('Visit Log'!$R$6:$R$1005,$A17,'Visit Log'!$T$6:$T$1005,"Open")+COUNTIFS('Visit Log'!$R$6:$R$1005,$A17,'Visit Log'!$T$6:$T$1005,"In Progress")) | E17: =IF($A17="","",COUNTIFS('Visit Log'!$R$6:$R$1005,$A17,'Visit Log'!$T$6:$T$1005,"Open",'Visit Log'!$S$6:$S$1005,"<"&TODAY())+COUNTIFS('Visit Log'!$R$6:$R$1005,$A17,'Visit Log'!$T$6:$T$1005,"In Progress",'Visit Log'!$S$6:$S$1005,"<"&TODAY())) | F17: =IF($A17="","",IF(COUNTIFS('Visit Log'!$B$6:$B$1005,$A17)=0,"No visits",_xlfn.MAXIFS('Visit Log'!$A$6:$A$1005,'Visit Log'!$B$6:$B$1005,$A17))) | G17: =IF($A17="","",COUNTIFS('Visit Log'!$B$6:$B$1005,$A17,'Visit Log'!$A$6:$A$1005,">="&TODAY()-30,'Visit Log'!$J$6:$J$1005,"?*"))
A18: =IF(Lists!$A$5="","",Lists!$A$5) | B18: =IF($A18="","",COUNTIFS('Visit Log'!$B$6:$B$1005,$A18,'Visit Log'!$A$6:$A$1005,">="&TODAY()-30)) | D18: =IF($A18="","",COUNTIFS('Visit Log'!$R$6:$R$1005,$A18,'Visit Log'!$T$6:$T$1005,"Open")+COUNTIFS('Visit Log'!$R$6:$R$1005,$A18,'Visit Log'!$T$6:$T$1005,"In Progress")) | E18: =IF($A18="","",COUNTIFS('Visit Log'!$R$6:$R$1005,$A18,'Visit Log'!$T$6:$T$1005,"Open",'Visit Log'!$S$6:$S$1005,"<"&TODAY())+COUNTIFS('Visit Log'!$R$6:$R$1005,$A18,'Visit Log'!$T$6:$T$1005,"In Progress",'Visit Log'!$S$6:$S$1005,"<"&TODAY())) | F18: =IF($A18="","",IF(COUNTIFS('Visit Log'!$B$6:$B$1005,$A18)=0,"No visits",_xlfn.MAXIFS('Visit Log'!$A$6:$A$1005,'Visit Log'!$B$6:$B$1005,$A18))) | G18: =IF($A18="","",COUNTIFS('Visit Log'!$B$6:$B$1005,$A18,'Visit Log'!$A$6:$A$1005,">="&TODAY()-30,'Visit Log'!$J$6:$J$1005,"?*"))
A19: =IF(Lists!$A$6="","",Lists!$A$6) | B19: =IF($A19="","",COUNTIFS('Visit Log'!$B$6:$B$1005,$A19,'Visit Log'!$A$6:$A$1005,">="&TODAY()-30)) | D19: =IF($A19="","",COUNTIFS('Visit Log'!$R$6:$R$1005,$A19,'Visit Log'!$T$6:$T$1005,"Open")+COUNTIFS('Visit Log'!$R$6:$R$1005,$A19,'Visit Log'!$T$6:$T$1005,"In Progress")) | E19: =IF($A19="","",COUNTIFS('Visit Log'!$R$6:$R$1005,$A19,'Visit Log'!$T$6:$T$1005,"Open",'Visit Log'!$S$6:$S$1005,"<"&TODAY())+COUNTIFS('Visit Log'!$R$6:$R$1005,$A19,'Visit Log'!$T$6:$T$1005,"In Progress",'Visit Log'!$S$6:$S$1005,"<"&TODAY())) | F19: =IF($A19="","",IF(COUNTIFS('Visit Log'!$B$6:$B$1005,$A19)=0,"No visits",_xlfn.MAXIFS('Visit Log'!$A$6:$A$1005,'Visit Log'!$B$6:$B$1005,$A19))) | G19: =IF($A19="","",COUNTIFS('Visit Log'!$B$6:$B$1005,$A19,'Visit Log'!$A$6:$A$1005,">="&TODAY()-30,'Visit Log'!$J$6:$J$1005,"?*"))
A20: =IF(Lists!$A$7="","",Lists!$A$7) | B20: =IF($A20="","",COUNTIFS('Visit Log'!$B$6:$B$1005,$A20,'Visit Log'!$A$6:$A$1005,">="&TODAY()-30)) | D20: =IF($A20="","",COUNTIFS('Visit Log'!$R$6:$R$1005,$A20,'Visit Log'!$T$6:$T$1005,"Open")+COUNTIFS('Visit Log'!$R$6:$R$1005,$A20,'Visit Log'!$T$6:$T$1005,"In Progress")) | E20: =IF($A20="","",COUNTIFS('Visit Log'!$R$6:$R$1005,$A20,'Visit Log'!$T$6:$T$1005,"Open",'Visit Log'!$S$6:$S$1005,"<"&TODAY())+COUNTIFS('Visit Log'!$R$6:$R$1005,$A20,'Visit Log'!$T$6:$T$1005,"In Progress",'Visit Log'!$S$6:$S$1005,"<"&TODAY())) | F20: =IF($A20="","",IF(COUNTIFS('Visit Log'!$B$6:$B$1005,$A20)=0,"No visits",_xlfn.MAXIFS('Visit Log'!$A$6:$A$1005,'Visit Log'!$B$6:$B$1005,$A20))) | G20: =IF($A20="","",COUNTIFS('Visit Log'!$B$6:$B$1005,$A20,'Visit Log'!$A$6:$A$1005,">="&TODAY()-30,'Visit Log'!$J$6:$J$1005,"?*"))
A21: =IF(Lists!$A$8="","",Lists!$A$8) | B21: =IF($A21="","",COUNTIFS('Visit Log'!$B$6:$B$1005,$A21,'Visit Log'!$A$6:$A$1005,">="&TODAY()-30)) | D21: =IF($A21="","",COUNTIFS('Visit Log'!$R$6:$R$1005,$A21,'Visit Log'!$T$6:$T$1005,"Open")+COUNTIFS('Visit Log'!$R$6:$R$1005,$A21,'Visit Log'!$T$6:$T$1005,"In Progress")) | E21: =IF($A21="","",COUNTIFS('Visit Log'!$R$6:$R$1005,$A21,'Visit Log'!$T$6:$T$1005,"Open",'Visit Log'!$S$6:$S$1005,"<"&TODAY())+COUNTIFS('Visit Log'!$R$6:$R$1005,$A21,'Visit Log'!$T$6:$T$1005,"In Progress",'Visit Log'!$S$6:$S$1005,"<"&TODAY())) | F21: =IF($A21="","",IF(COUNTIFS('Visit Log'!$B$6:$B$1005,$A21)=0,"No visits",_xlfn.MAXIFS('Visit Log'!$A$6:$A$1005,'Visit Log'!$B$6:$B$1005,$A21))) | G21: =IF($A21="","",COUNTIFS('Visit Log'!$B$6:$B$1005,$A21,'Visit Log'!$A$6:$A$1005,">="&TODAY()-30,'Visit Log'!$J$6:$J$1005,"?*"))
A22: =IF(Lists!$A$9="","",Lists!$A$9) | B22: =IF($A22="","",COUNTIFS('Visit Log'!$B$6:$B$1005,$A22,'Visit Log'!$A$6:$A$1005,">="&TODAY()-30)) | D22: =IF($A22="","",COUNTIFS('Visit Log'!$R$6:$R$1005,$A22,'Visit Log'!$T$6:$T$1005,"Open")+COUNTIFS('Visit Log'!$R$6:$R$1005,$A22,'Visit Log'!$T$6:$T$1005,"In Progress")) | E22: =IF($A22="","",COUNTIFS('Visit Log'!$R$6:$R$1005,$A22,'Visit Log'!$T$6:$T$1005,"Open",'Visit Log'!$S$6:$S$1005,"<"&TODAY())+COUNTIFS('Visit Log'!$R$6:$R$1005,$A22,'Visit Log'!$T$6:$T$1005,"In Progress",'Visit Log'!$S$6:$S$1005,"<"&TODAY())) | F22: =IF($A22="","",IF(COUNTIFS('Visit Log'!$B$6:$B$1005,$A22)=0,"No visits",_xlfn.MAXIFS('Visit Log'!$A$6:$A$1005,'Visit Log'!$B$6:$B$1005,$A22))) | G22: =IF($A22="","",COUNTIFS('Visit Log'!$B$6:$B$1005,$A22,'Visit Log'!$A$6:$A$1005,">="&TODAY()-30,'Visit Log'!$J$6:$J$1005,"?*"))
A23: =IF(Lists!$A$10="","",Lists!$A$10) | B23: =IF($A23="","",COUNTIFS('Visit Log'!$B$6:$B$1005,$A23,'Visit Log'!$A$6:$A$1005,">="&TODAY()-30)) | D23: =IF($A23="","",COUNTIFS('Visit Log'!$R$6:$R$1005,$A23,'Visit Log'!$T$6:$T$1005,"Open")+COUNTIFS('Visit Log'!$R$6:$R$1005,$A23,'Visit Log'!$T$6:$T$1005,"In Progress")) | E23: =IF($A23="","",COUNTIFS('Visit Log'!$R$6:$R$1005,$A23,'Visit Log'!$T$6:$T$1005,"Open",'Visit Log'!$S$6:$S$1005,"<"&TODAY())+COUNTIFS('Visit Log'!$R$6:$R$1005,$A23,'Visit Log'!$T$6:$T$1005,"In Progress",'Visit Log'!$S$6:$S$1005,"<"&TODAY())) | F23: =IF($A23="","",IF(COUNTIFS('Visit Log'!$B$6:$B$1005,$A23)=0,"No visits",_xlfn.MAXIFS('Visit Log'!$A$6:$A$1005,'Visit Log'!$B$6:$B$1005,$A23))) | G23: =IF($A23="","",COUNTIFS('Visit Log'!$B$6:$B$1005,$A23,'Visit Log'!$A$6:$A$1005,">="&TODAY()-30,'Visit Log'!$J$6:$J$1005,"?*"))
A24: =IF(Lists!$A$11="","",Lists!$A$11) | B24: =IF($A24="","",COUNTIFS('Visit Log'!$B$6:$B$1005,$A24,'Visit Log'!$A$6:$A$1005,">="&TODAY()-30)) | D24: =IF($A24="","",COUNTIFS('Visit Log'!$R$6:$R$1005,$A24,'Visit Log'!$T$6:$T$1005,"Open")+COUNTIFS('Visit Log'!$R$6:$R$1005,$A24,'Visit Log'!$T$6:$T$1005,"In Progress")) | E24: =IF($A24="","",COUNTIFS('Visit Log'!$R$6:$R$1005,$A24,'Visit Log'!$T$6:$T$1005,"Open",'Visit Log'!$S$6:$S$1005,"<"&TODAY())+COUNTIFS('Visit Log'!$R$6:$R$1005,$A24,'Visit Log'!$T$6:$T$1005,"In Progress",'Visit Log'!$S$6:$S$1005,"<"&TODAY())) | F24: =IF($A24="","",IF(COUNTIFS('Visit Log'!$B$6:$B$1005,$A24)=0,"No visits",_xlfn.MAXIFS('Visit Log'!$A$6:$A$1005,'Visit Log'!$B$6:$B$1005,$A24))) | G24: =IF($A24="","",COUNTIFS('Visit Log'!$B$6:$B$1005,$A24,'Visit Log'!$A$6:$A$1005,">="&TODAY()-30,'Visit Log'!$J$6:$J$1005,"?*"))
A25: =IF(Lists!$A$12="","",Lists!$A$12) | B25: =IF($A25="","",COUNTIFS('Visit Log'!$B$6:$B$1005,$A25,'Visit Log'!$A$6:$A$1005,">="&TODAY()-30)) | D25: =IF($A25="","",COUNTIFS('Visit Log'!$R$6:$R$1005,$A25,'Visit Log'!$T$6:$T$1005,"Open")+COUNTIFS('Visit Log'!$R$6:$R$1005,$A25,'Visit Log'!$T$6:$T$1005,"In Progress")) | E25: =IF($A25="","",COUNTIFS('Visit Log'!$R$6:$R$1005,$A25,'Visit Log'!$T$6:$T$1005,"Open",'Visit Log'!$S$6:$S$1005,"<"&TODAY())+COUNTIFS('Visit Log'!$R$6:$R$1005,$A25,'Visit Log'!$T$6:$T$1005,"In Progress",'Visit Log'!$S$6:$S$1005,"<"&TODAY())) | F25: =IF($A25="","",IF(COUNTIFS('Visit Log'!$B$6:$B$1005,$A25)=0,"No visits",_xlfn.MAXIFS('Visit Log'!$A$6:$A$1005,'Visit Log'!$B$6:$B$1005,$A25))) | G25: =IF($A25="","",COUNTIFS('Visit Log'!$B$6:$B$1005,$A25,'Visit Log'!$A$6:$A$1005,">="&TODAY()-30,'Visit Log'!$J$6:$J$1005,"?*"))
A26: =IF(Lists!$A$13="","",Lists!$A$13) | B26: =IF($A26="","",COUNTIFS('Visit Log'!$B$6:$B$1005,$A26,'Visit Log'!$A$6:$A$1005,">="&TODAY()-30)) | D26: =IF($A26="","",COUNTIFS('Visit Log'!$R$6:$R$1005,$A26,'Visit Log'!$T$6:$T$1005,"Open")+COUNTIFS('Visit Log'!$R$6:$R$1005,$A26,'Visit Log'!$T$6:$T$1005,"In Progress")) | E26: =IF($A26="","",COUNTIFS('Visit Log'!$R$6:$R$1005,$A26,'Visit Log'!$T$6:$T$1005,"Open",'Visit Log'!$S$6:$S$1005,"<"&TODAY())+COUNTIFS('Visit Log'!$R$6:$R$1005,$A26,'Visit Log'!$T$6:$T$1005,"In Progress",'Visit Log'!$S$6:$S$1005,"<"&TODAY())) | F26: =IF($A26="","",IF(COUNTIFS('Visit Log'!$B$6:$B$1005,$A26)=0,"No visits",_xlfn.MAXIFS('Visit Log'!$A$6:$A$1005,'Visit Log'!$B$6:$B$1005,$A26))) | G26: =IF($A26="","",COUNTIFS('Visit Log'!$B$6:$B$1005,$A26,'Visit Log'!$A$6:$A$1005,">="&TODAY()-30,'Visit Log'!$J$6:$J$1005,"?*"))
A27: =IF(Lists!$A$14="","",Lists!$A$14) | B27: =IF($A27="","",COUNTIFS('Visit Log'!$B$6:$B$1005,$A27,'Visit Log'!$A$6:$A$1005,">="&TODAY()-30)) | D27: =IF($A27="","",COUNTIFS('Visit Log'!$R$6:$R$1005,$A27,'Visit Log'!$T$6:$T$1005,"Open")+COUNTIFS('Visit Log'!$R$6:$R$1005,$A27,'Visit Log'!$T$6:$T$1005,"In Progress")) | E27: =IF($A27="","",COUNTIFS('Visit Log'!$R$6:$R$1005,$A27,'Visit Log'!$T$6:$T$1005,"Open",'Visit Log'!$S$6:$S$1005,"<"&TODAY())+COUNTIFS('Visit Log'!$R$6:$R$1005,$A27,'Visit Log'!$T$6:$T$1005,"In Progress",'Visit Log'!$S$6:$S$1005,"<"&TODAY())) | F27: =IF($A27="","",IF(COUNTIFS('Visit Log'!$B$6:$B$1005,$A27)=0,"No visits",_xlfn.MAXIFS('Visit Log'!$A$6:$A$1005,'Visit Log'!$B$6:$B$1005,$A27))) | G27: =IF($A27="","",COUNTIFS('Visit Log'!$B$6:$B$1005,$A27,'Visit Log'!$A$6:$A$1005,">="&TODAY()-30,'Visit Log'!$J$6:$J$1005,"?*"))
A28: =IF(Lists!$A$15="","",Lists!$A$15) | B28: =IF($A28="","",COUNTIFS('Visit Log'!$B$6:$B$1005,$A28,'Visit Log'!$A$6:$A$1005,">="&TODAY()-30)) | D28: =IF($A28="","",COUNTIFS('Visit Log'!$R$6:$R$1005,$A28,'Visit Log'!$T$6:$T$1005,"Open")+COUNTIFS('Visit Log'!$R$6:$R$1005,$A28,'Visit Log'!$T$6:$T$1005,"In Progress")) | E28: =IF($A28="","",COUNTIFS('Visit Log'!$R$6:$R$1005,$A28,'Visit Log'!$T$6:$T$1005,"Open",'Visit Log'!$S$6:$S$1005,"<"&TODAY())+COUNTIFS('Visit Log'!$R$6:$R$1005,$A28,'Visit Log'!$T$6:$T$1005,"In Progress",'Visit Log'!$S$6:$S$1005,"<"&TODAY())) | F28: =IF($A28="","",IF(COUNTIFS('Visit Log'!$B$6:$B$1005,$A28)=0,"No visits",_xlfn.MAXIFS('Visit Log'!$A$6:$A$1005,'Visit Log'!$B$6:$B$1005,$A28))) | G28: =IF($A28="","",COUNTIFS('Visit Log'!$B$6:$B$1005,$A28,'Visit Log'!$A$6:$A$1005,">="&TODAY()-30,'Visit Log'!$J$6:$J$1005,"?*"))
A29: =IF(Lists!$A$16="","",Lists!$A$16) | B29: =IF($A29="","",COUNTIFS('Visit Log'!$B$6:$B$1005,$A29,'Visit Log'!$A$6:$A$1005,">="&TODAY()-30)) | D29: =IF($A29="","",COUNTIFS('Visit Log'!$R$6:$R$1005,$A29,'Visit Log'!$T$6:$T$1005,"Open")+COUNTIFS('Visit Log'!$R$6:$R$1005,$A29,'Visit Log'!$T$6:$T$1005,"In Progress")) | E29: =IF($A29="","",COUNTIFS('Visit Log'!$R$6:$R$1005,$A29,'Visit Log'!$T$6:$T$1005,"Open",'Visit Log'!$S$6:$S$1005,"<"&TODAY())+COUNTIFS('Visit Log'!$R$6:$R$1005,$A29,'Visit Log'!$T$6:$T$1005,"In Progress",'Visit Log'!$S$6:$S$1005,"<"&TODAY())) | F29: =IF($A29="","",IF(COUNTIFS('Visit Log'!$B$6:$B$1005,$A29)=0,"No visits",_xlfn.MAXIFS('Visit Log'!$A$6:$A$1005,'Visit Log'!$B$6:$B$1005,$A29))) | G29: =IF($A29="","",COUNTIFS('Visit Log'!$B$6:$B$1005,$A29,'Visit Log'!$A$6:$A$1005,">="&TODAY()-30,'Visit Log'!$J$6:$J$1005,"?*"))
A30: =IF(Lists!$A$17="","",Lists!$A$17) | B30: =IF($A30="","",COUNTIFS('Visit Log'!$B$6:$B$1005,$A30,'Visit Log'!$A$6:$A$1005,">="&TODAY()-30)) | D30: =IF($A30="","",COUNTIFS('Visit Log'!$R$6:$R$1005,$A30,'Visit Log'!$T$6:$T$1005,"Open")+COUNTIFS('Visit Log'!$R$6:$R$1005,$A30,'Visit Log'!$T$6:$T$1005,"In Progress")) | E30: =IF($A30="","",COUNTIFS('Visit Log'!$R$6:$R$1005,$A30,'Visit Log'!$T$6:$T$1005,"Open",'Visit Log'!$S$6:$S$1005,"<"&TODAY())+COUNTIFS('Visit Log'!$R$6:$R$1005,$A30,'Visit Log'!$T$6:$T$1005,"In Progress",'Visit Log'!$S$6:$S$1005,"<"&TODAY())) | F30: =IF($A30="","",IF(COUNTIFS('Visit Log'!$B$6:$B$1005,$A30)=0,"No visits",_xlfn.MAXIFS('Visit Log'!$A$6:$A$1005,'Visit Log'!$B$6:$B$1005,$A30))) | G30: =IF($A30="","",COUNTIFS('Visit Log'!$B$6:$B$1005,$A30,'Visit Log'!$A$6:$A$1005,">="&TODAY()-30,'Visit Log'!$J$6:$J$1005,"?*"))
A31: =IF(Lists!$A$18="","",Lists!$A$18) | B31: =IF($A31="","",COUNTIFS('Visit Log'!$B$6:$B$1005,$A31,'Visit Log'!$A$6:$A$1005,">="&TODAY()-30)) | D31: =IF($A31="","",COUNTIFS('Visit Log'!$R$6:$R$1005,$A31,'Visit Log'!$T$6:$T$1005,"Open")+COUNTIFS('Visit Log'!$R$6:$R$1005,$A31,'Visit Log'!$T$6:$T$1005,"In Progress")) | E31: =IF($A31="","",COUNTIFS('Visit Log'!$R$6:$R$1005,$A31,'Visit Log'!$T$6:$T$1005,"Open",'Visit Log'!$S$6:$S$1005,"<"&TODAY())+COUNTIFS('Visit Log'!$R$6:$R$1005,$A31,'Visit Log'!$T$6:$T$1005,"In Progress",'Visit Log'!$S$6:$S$1005,"<"&TODAY())) | F31: =IF($A31="","",IF(COUNTIFS('Visit Log'!$B$6:$B$1005,$A31)=0,"No visits",_xlfn.MAXIFS('Visit Log'!$A$6:$A$1005,'Visit Log'!$B$6:$B$1005,$A31))) | G31: =IF($A31="","",COUNTIFS('Visit Log'!$B$6:$B$1005,$A31,'Visit Log'!$A$6:$A$1005,">="&TODAY()-30,'Visit Log'!$J$6:$J$1005,"?*"))
A32: =IF(Lists!$A$19="","",Lists!$A$19) | B32: =IF($A32="","",COUNTIFS('Visit Log'!$B$6:$B$1005,$A32,'Visit Log'!$A$6:$A$1005,">="&TODAY()-30)) | D32: =IF($A32="","",COUNTIFS('Visit Log'!$R$6:$R$1005,$A32,'Visit Log'!$T$6:$T$1005,"Open")+COUNTIFS('Visit Log'!$R$6:$R$1005,$A32,'Visit Log'!$T$6:$T$1005,"In Progress")) | E32: =IF($A32="","",COUNTIFS('Visit Log'!$R$6:$R$1005,$A32,'Visit Log'!$T$6:$T$1005,"Open",'Visit Log'!$S$6:$S$1005,"<"&TODAY())+COUNTIFS('Visit Log'!$R$6:$R$1005,$A32,'Visit Log'!$T$6:$T$1005,"In Progress",'Visit Log'!$S$6:$S$1005,"<"&TODAY())) | F32: =IF($A32="","",IF(COUNTIFS('Visit Log'!$B$6:$B$1005,$A32)=0,"No visits",_xlfn.MAXIFS('Visit Log'!$A$6:$A$1005,'Visit Log'!$B$6:$B$1005,$A32))) | G32: =IF($A32="","",COUNTIFS('Visit Log'!$B$6:$B$1005,$A32,'Visit Log'!$A$6:$A$1005,">="&TODAY()-30,'Visit Log'!$J$6:$J$1005,"?*"))
A33: =IF(Lists!$A$20="","",Lists!$A$20) | B33: =IF($A33="","",COUNTIFS('Visit Log'!$B$6:$B$1005,$A33,'Visit Log'!$A$6:$A$1005,">="&TODAY()-30)) | D33: =IF($A33="","",COUNTIFS('Visit Log'!$R$6:$R$1005,$A33,'Visit Log'!$T$6:$T$1005,"Open")+COUNTIFS('Visit Log'!$R$6:$R$1005,$A33,'Visit Log'!$T$6:$T$1005,"In Progress")) | E33: =IF($A33="","",COUNTIFS('Visit Log'!$R$6:$R$1005,$A33,'Visit Log'!$T$6:$T$1005,"Open",'Visit Log'!$S$6:$S$1005,"<"&TODAY())+COUNTIFS('Visit Log'!$R$6:$R$1005,$A33,'Visit Log'!$T$6:$T$1005,"In Progress",'Visit Log'!$S$6:$S$1005,"<"&TODAY())) | F33: =IF($A33="","",IF(COUNTIFS('Visit Log'!$B$6:$B$1005,$A33)=0,"No visits",_xlfn.MAXIFS('Visit Log'!$A$6:$A$1005,'Visit Log'!$B$6:$B$1005,$A33))) | G33: =IF($A33="","",COUNTIFS('Visit Log'!$B$6:$B$1005,$A33,'Visit Log'!$A$6:$A$1005,">="&TODAY()-30,'Visit Log'!$J$6:$J$1005,"?*"))
A34: =IF(Lists!$A$21="","",Lists!$A$21) | B34: =IF($A34="","",COUNTIFS('Visit Log'!$B$6:$B$1005,$A34,'Visit Log'!$A$6:$A$1005,">="&TODAY()-30)) | D34: =IF($A34="","",COUNTIFS('Visit Log'!$R$6:$R$1005,$A34,'Visit Log'!$T$6:$T$1005,"Open")+COUNTIFS('Visit Log'!$R$6:$R$1005,$A34,'Visit Log'!$T$6:$T$1005,"In Progress")) | E34: =IF($A34="","",COUNTIFS('Visit Log'!$R$6:$R$1005,$A34,'Visit Log'!$T$6:$T$1005,"Open",'Visit Log'!$S$6:$S$1005,"<"&TODAY())+COUNTIFS('Visit Log'!$R$6:$R$1005,$A34,'Visit Log'!$T$6:$T$1005,"In Progress",'Visit Log'!$S$6:$S$1005,"<"&TODAY())) | F34: =IF($A34="","",IF(COUNTIFS('Visit Log'!$B$6:$B$1005,$A34)=0,"No visits",_xlfn.MAXIFS('Visit Log'!$A$6:$A$1005,'Visit Log'!$B$6:$B$1005,$A34))) | G34: =IF($A34="","",COUNTIFS('Visit Log'!$B$6:$B$1005,$A34,'Visit Log'!$A$6:$A$1005,">="&TODAY()-30,'Visit Log'!$J$6:$J$1005,"?*"))
A35: =IF(Lists!$A$22="","",Lists!$A$22) | B35: =IF($A35="","",COUNTIFS('Visit Log'!$B$6:$B$1005,$A35,'Visit Log'!$A$6:$A$1005,">="&TODAY()-30)) | D35: =IF($A35="","",COUNTIFS('Visit Log'!$R$6:$R$1005,$A35,'Visit Log'!$T$6:$T$1005,"Open")+COUNTIFS('Visit Log'!$R$6:$R$1005,$A35,'Visit Log'!$T$6:$T$1005,"In Progress")) | E35: =IF($A35="","",COUNTIFS('Visit Log'!$R$6:$R$1005,$A35,'Visit Log'!$T$6:$T$1005,"Open",'Visit Log'!$S$6:$S$1005,"<"&TODAY())+COUNTIFS('Visit Log'!$R$6:$R$1005,$A35,'Visit Log'!$T$6:$T$1005,"In Progress",'Visit Log'!$S$6:$S$1005,"<"&TODAY())) | F35: =IF($A35="","",IF(COUNTIFS('Visit Log'!$B$6:$B$1005,$A35)=0,"No visits",_xlfn.MAXIFS('Visit Log'!$A$6:$A$1005,'Visit Log'!$B$6:$B$1005,$A35))) | G35: =IF($A35="","",COUNTIFS('Visit Log'!$B$6:$B$1005,$A35,'Visit Log'!$A$6:$A$1005,">="&TODAY()-30,'Visit Log'!$J$6:$J$1005,"?*"))
A36: =IF(Lists!$A$23="","",Lists!$A$23) | B36: =IF($A36="","",COUNTIFS('Visit Log'!$B$6:$B$1005,$A36,'Visit Log'!$A$6:$A$1005,">="&TODAY()-30)) | D36: =IF($A36="","",COUNTIFS('Visit Log'!$R$6:$R$1005,$A36,'Visit Log'!$T$6:$T$1005,"Open")+COUNTIFS('Visit Log'!$R$6:$R$1005,$A36,'Visit Log'!$T$6:$T$1005,"In Progress")) | E36: =IF($A36="","",COUNTIFS('Visit Log'!$R$6:$R$1005,$A36,'Visit Log'!$T$6:$T$1005,"Open",'Visit Log'!$S$6:$S$1005,"<"&TODAY())+COUNTIFS('Visit Log'!$R$6:$R$1005,$A36,'Visit Log'!$T$6:$T$1005,"In Progress",'Visit Log'!$S$6:$S$1005,"<"&TODAY())) | F36: =IF($A36="","",IF(COUNTIFS('Visit Log'!$B$6:$B$1005,$A36)=0,"No visits",_xlfn.MAXIFS('Visit Log'!$A$6:$A$1005,'Visit Log'!$B$6:$B$1005,$A36))) | G36: =IF($A36="","",COUNTIFS('Visit Log'!$B$6:$B$1005,$A36,'Visit Log'!$A$6:$A$1005,">="&TODAY()-30,'Visit Log'!$J$6:$J$1005,"?*"))
A37: =IF(Lists!$A$24="","",Lists!$A$24) | B37: =IF($A37="","",COUNTIFS('Visit Log'!$B$6:$B$1005,$A37,'Visit Log'!$A$6:$A$1005,">="&TODAY()-30)) | D37: =IF($A37="","",COUNTIFS('Visit Log'!$R$6:$R$1005,$A37,'Visit Log'!$T$6:$T$1005,"Open")+COUNTIFS('Visit Log'!$R$6:$R$1005,$A37,'Visit Log'!$T$6:$T$1005,"In Progress")) | E37: =IF($A37="","",COUNTIFS('Visit Log'!$R$6:$R$1005,$A37,'Visit Log'!$T$6:$T$1005,"Open",'Visit Log'!$S$6:$S$1005,"<"&TODAY())+COUNTIFS('Visit Log'!$R$6:$R$1005,$A37,'Visit Log'!$T$6:$T$1005,"In Progress",'Visit Log'!$S$6:$S$1005,"<"&TODAY())) | F37: =IF($A37="","",IF(COUNTIFS('Visit Log'!$B$6:$B$1005,$A37)=0,"No visits",_xlfn.MAXIFS('Visit Log'!$A$6:$A$1005,'Visit Log'!$B$6:$B$1005,$A37))) | G37: =IF($A37="","",COUNTIFS('Visit Log'!$B$6:$B$1005,$A37,'Visit Log'!$A$6:$A$1005,">="&TODAY()-30,'Visit Log'!$J$6:$J$1005,"?*"))
A38: =IF(Lists!$A$25="","",Lists!$A$25) | B38: =IF($A38="","",COUNTIFS('Visit Log'!$B$6:$B$1005,$A38,'Visit Log'!$A$6:$A$1005,">="&TODAY()-30)) | D38: =IF($A38="","",COUNTIFS('Visit Log'!$R$6:$R$1005,$A38,'Visit Log'!$T$6:$T$1005,"Open")+COUNTIFS('Visit Log'!$R$6:$R$1005,$A38,'Visit Log'!$T$6:$T$1005,"In Progress")) | E38: =IF($A38="","",COUNTIFS('Visit Log'!$R$6:$R$1005,$A38,'Visit Log'!$T$6:$T$1005,"Open",'Visit Log'!$S$6:$S$1005,"<"&TODAY())+COUNTIFS('Visit Log'!$R$6:$R$1005,$A38,'Visit Log'!$T$6:$T$1005,"In Progress",'Visit Log'!$S$6:$S$1005,"<"&TODAY())) | F38: =IF($A38="","",IF(COUNTIFS('Visit Log'!$B$6:$B$1005,$A38)=0,"No visits",_xlfn.MAXIFS('Visit Log'!$A$6:$A$1005,'Visit Log'!$B$6:$B$1005,$A38))) | G38: =IF($A38="","",COUNTIFS('Visit Log'!$B$6:$B$1005,$A38,'Visit Log'!$A$6:$A$1005,">="&TODAY()-30,'Visit Log'!$J$6:$J$1005,"?*"))
A39: =IF(Lists!$A$26="","",Lists!$A$26) | B39: =IF($A39="","",COUNTIFS('Visit Log'!$B$6:$B$1005,$A39,'Visit Log'!$A$6:$A$1005,">="&TODAY()-30)) | D39: =IF($A39="","",COUNTIFS('Visit Log'!$R$6:$R$1005,$A39,'Visit Log'!$T$6:$T$1005,"Open")+COUNTIFS('Visit Log'!$R$6:$R$1005,$A39,'Visit Log'!$T$6:$T$1005,"In Progress")) | E39: =IF($A39="","",COUNTIFS('Visit Log'!$R$6:$R$1005,$A39,'Visit Log'!$T$6:$T$1005,"Open",'Visit Log'!$S$6:$S$1005,"<"&TODAY())+COUNTIFS('Visit Log'!$R$6:$R$1005,$A39,'Visit Log'!$T$6:$T$1005,"In Progress",'Visit Log'!$S$6:$S$1005,"<"&TODAY())) | F39: =IF($A39="","",IF(COUNTIFS('Visit Log'!$B$6:$B$1005,$A39)=0,"No visits",_xlfn.MAXIFS('Visit Log'!$A$6:$A$1005,'Visit Log'!$B$6:$B$1005,$A39))) | G39: =IF($A39="","",COUNTIFS('Visit Log'!$B$6:$B$1005,$A39,'Visit Log'!$A$6:$A$1005,">="&TODAY()-30,'Visit Log'!$J$6:$J$1005,"?*"))
A40: =IF(Lists!$A$27="","",Lists!$A$27) | B40: =IF($A40="","",COUNTIFS('Visit Log'!$B$6:$B$1005,$A40,'Visit Log'!$A$6:$A$1005,">="&TODAY()-30)) | D40: =IF($A40="","",COUNTIFS('Visit Log'!$R$6:$R$1005,$A40,'Visit Log'!$T$6:$T$1005,"Open")+COUNTIFS('Visit Log'!$R$6:$R$1005,$A40,'Visit Log'!$T$6:$T$1005,"In Progress")) | E40: =IF($A40="","",COUNTIFS('Visit Log'!$R$6:$R$1005,$A40,'Visit Log'!$T$6:$T$1005,"Open",'Visit Log'!$S$6:$S$1005,"<"&TODAY())+COUNTIFS('Visit Log'!$R$6:$R$1005,$A40,'Visit Log'!$T$6:$T$1005,"In Progress",'Visit Log'!$S$6:$S$1005,"<"&TODAY())) | F40: =IF($A40="","",IF(COUNTIFS('Visit Log'!$B$6:$B$1005,$A40)=0,"No visits",_xlfn.MAXIFS('Visit Log'!$A$6:$A$1005,'Visit Log'!$B$6:$B$1005,$A40))) | G40: =IF($A40="","",COUNTIFS('Visit Log'!$B$6:$B$1005,$A40,'Visit Log'!$A$6:$A$1005,">="&TODAY()-30,'Visit Log'!$J$6:$J$1005,"?*"))
A41: =IF(Lists!$A$28="","",Lists!$A$28) | B41: =IF($A41="","",COUNTIFS('Visit Log'!$B$6:$B$1005,$A41,'Visit Log'!$A$6:$A$1005,">="&TODAY()-30)) | D41: =IF($A41="","",COUNTIFS('Visit Log'!$R$6:$R$1005,$A41,'Visit Log'!$T$6:$T$1005,"Open")+COUNTIFS('Visit Log'!$R$6:$R$1005,$A41,'Visit Log'!$T$6:$T$1005,"In Progress")) | E41: =IF($A41="","",COUNTIFS('Visit Log'!$R$6:$R$1005,$A41,'Visit Log'!$T$6:$T$1005,"Open",'Visit Log'!$S$6:$S$1005,"<"&TODAY())+COUNTIFS('Visit Log'!$R$6:$R$1005,$A41,'Visit Log'!$T$6:$T$1005,"In Progress",'Visit Log'!$S$6:$S$1005,"<"&TODAY())) | F41: =IF($A41="","",IF(COUNTIFS('Visit Log'!$B$6:$B$1005,$A41)=0,"No visits",_xlfn.MAXIFS('Visit Log'!$A$6:$A$1005,'Visit Log'!$B$6:$B$1005,$A41))) | G41: =IF($A41="","",COUNTIFS('Visit Log'!$B$6:$B$1005,$A41,'Visit Log'!$A$6:$A$1005,">="&TODAY()-30,'Visit Log'!$J$6:$J$1005,"?*"))
A42: =IF(Lists!$A$29="","",Lists!$A$29) | B42: =IF($A42="","",COUNTIFS('Visit Log'!$B$6:$B$1005,$A42,'Visit Log'!$A$6:$A$1005,">="&TODAY()-30)) | D42: =IF($A42="","",COUNTIFS('Visit Log'!$R$6:$R$1005,$A42,'Visit Log'!$T$6:$T$1005,"Open")+COUNTIFS('Visit Log'!$R$6:$R$1005,$A42,'Visit Log'!$T$6:$T$1005,"In Progress")) | E42: =IF($A42="","",COUNTIFS('Visit Log'!$R$6:$R$1005,$A42,'Visit Log'!$T$6:$T$1005,"Open",'Visit Log'!$S$6:$S$1005,"<"&TODAY())+COUNTIFS('Visit Log'!$R$6:$R$1005,$A42,'Visit Log'!$T$6:$T$1005,"In Progress",'Visit Log'!$S$6:$S$1005,"<"&TODAY())) | F42: =IF($A42="","",IF(COUNTIFS('Visit Log'!$B$6:$B$1005,$A42)=0,"No visits",_xlfn.MAXIFS('Visit Log'!$A$6:$A$1005,'Visit Log'!$B$6:$B$1005,$A42))) | G42: =IF($A42="","",COUNTIFS('Visit Log'!$B$6:$B$1005,$A42,'Visit Log'!$A$6:$A$1005,">="&TODAY()-30,'Visit Log'!$J$6:$J$1005,"?*"))
A44: OPEN DISCREPANCIES BY TYPE
A45: Price - over plan | B45: =COUNTIFS('Visit Log'!$O$6:$O$1005,A45,'Visit Log'!$T$6:$T$1005,"Open")+COUNTIFS('Visit Log'!$O$6:$O$1005,A45,'Visit Log'!$T$6:$T$1005,"In Progress")
A46: Price - under plan | B46: =COUNTIFS('Visit Log'!$O$6:$O$1005,A46,'Visit Log'!$T$6:$T$1005,"Open")+COUNTIFS('Visit Log'!$O$6:$O$1005,A46,'Visit Log'!$T$6:$T$1005,"In Progress")
A47: Missing / wrong shelf tag | B47: =COUNTIFS('Visit Log'!$O$6:$O$1005,A47,'Visit Log'!$T$6:$T$1005,"Open")+COUNTIFS('Visit Log'!$O$6:$O$1005,A47,'Visit Log'!$T$6:$T$1005,"In Progress")
A48: Expired promo tag still up | B48: =COUNTIFS('Visit Log'!$O$6:$O$1005,A48,'Visit Log'!$T$6:$T$1005,"Open")+COUNTIFS('Visit Log'!$O$6:$O$1005,A48,'Visit Log'!$T$6:$T$1005,"In Progress")
A49: Out of stock / missing SKU | B49: =COUNTIFS('Visit Log'!$O$6:$O$1005,A49,'Visit Log'!$T$6:$T$1005,"Open")+COUNTIFS('Visit Log'!$O$6:$O$1005,A49,'Visit Log'!$T$6:$T$1005,"In Progress")
A50: Wrong shelf location (planogram) | B50: =COUNTIFS('Visit Log'!$O$6:$O$1005,A50,'Visit Log'!$T$6:$T$1005,"Open")+COUNTIFS('Visit Log'!$O$6:$O$1005,A50,'Visit Log'!$T$6:$T$1005,"In Progress")
A51: Display not built | B51: =COUNTIFS('Visit Log'!$O$6:$O$1005,A51,'Visit Log'!$T$6:$T$1005,"Open")+COUNTIFS('Visit Log'!$O$6:$O$1005,A51,'Visit Log'!$T$6:$T$1005,"In Progress")
A52: Display built - wrong product/price | B52: =COUNTIFS('Visit Log'!$O$6:$O$1005,A52,'Visit Log'!$T$6:$T$1005,"Open")+COUNTIFS('Visit Log'!$O$6:$O$1005,A52,'Visit Log'!$T$6:$T$1005,"In Progress")
A53: Unauthorized SKU on shelf | B53: =COUNTIFS('Visit Log'!$O$6:$O$1005,A53,'Visit Log'!$T$6:$T$1005,"Open")+COUNTIFS('Visit Log'!$O$6:$O$1005,A53,'Visit Log'!$T$6:$T$1005,"In Progress")
A54: Backstock missing | B54: =COUNTIFS('Visit Log'!$O$6:$O$1005,A54,'Visit Log'!$T$6:$T$1005,"Open")+COUNTIFS('Visit Log'!$O$6:$O$1005,A54,'Visit Log'!$T$6:$T$1005,"In Progress")
A55: Other | B55: =COUNTIFS('Visit Log'!$O$6:$O$1005,A55,'Visit Log'!$T$6:$T$1005,"Open")+COUNTIFS('Visit Log'!$O$6:$O$1005,A55,'Visit Log'!$T$6:$T$1005,"In Progress")

Sheet Chain Program
A1: CHAIN PROGRAM - HOT SHEET
A2: Plan data as of Non-Alc Chain Document 9/8/2026 (+ HW Soda Hot Sheet 8/25/2025 for accounts missing from it). Blue text = manager inputs. Grey columns = formulas (do not type).
A3: Today: | B3: =TODAY()
A4: CHANNEL | H4: AVAILABILITY | J4: MERCHANDISING | K4: PRICING / PROMOTION | R4: EXECUTION & ACCOUNTABILITY
A5: Program ID | B5: Brand | C5: Chain / Banner | D5: Account / Division | E5: Market | F5: Outlets by Market Unit | G5: Total Outlets | H5: Authorized SKUs / Flavors | I5: Case Recommendation | J5: Shelf Location / Display Callout | K5: Case Cost / Frontline | L5: EDV / SRP | M5: Base Shelf Price ($) | N5: Promo Timing | O5: Current Promo (today) | P5: Expected Shelf Price Today ($) | Q5: Next Promo Start | R5: Execution Priority / Callouts | S5: Owner | T5: Source | U5: Data Status | V5: Last Verified | W5: Visits (30 days) | X5: Open Issues | Y5: Last Visit
A6: ZOA | Mountain West North | B6: ZOA | C6: Albertsons/Safeway | D6: Mountain West North | E6: ID / MT / WY | H6: ZOA core SKUs | J6: Promo display where authorized | L6: Promo 2 for $4 | N6: Aug-Dec 2026 | O6: =IF($A6="","",IF(COUNTIFS('Promo Calendar'!$A$6:$A$400,$A6,'Promo Calendar'!$L$6:$L$400,"Active")=0,"None active",INDEX('Promo Calendar'!$F$6:$F$400,MATCH($A6,'Promo Calendar'!$O$6:$O$400,0))&IF(COUNTIFS('Promo Calendar'!$A$6:$A$400,$A6,'Promo Calendar'!$L$6:$L$400,"Active")>1," (+"&(COUNTIFS('Promo Calendar'!$A$6:$A$400,$A6,'Promo Calendar'!$L$6:$L$400,"Active")-1)&" more)",""))) | P6: =IF($A6="","",IF(COUNTIFS('Promo Calendar'!$A$6:$A$400,$A6,'Promo Calendar'!$L$6:$L$400,"Active",'Promo Calendar'!$G$6:$G$400,">0")>0,_xlfn.MINIFS('Promo Calendar'!$G$6:$G$400,'Promo Calendar'!$A$6:$A$400,$A6,'Promo Calendar'!$L$6:$L$400,"Active",'Promo Calendar'!$G$6:$G$400,">0"),IF(M6="","Not set",M6))) | Q6: =IF($A6="","",IF(COUNTIFS('Promo Calendar'!$A$6:$A$400,$A6,'Promo Calendar'!$I$6:$I$400,">"&TODAY())=0,"None scheduled",_xlfn.MINIFS('Promo Calendar'!$I$6:$I$400,'Promo Calendar'!$A$6:$A$400,$A6,'Promo Calendar'!$I$6:$I$400,">"&TODAY()))) | R6: Promote ZOA at 2 for $4. | T6: Non-Alc Chain 9/8/26 | U6: Current (2026) | W6: =IF($A6="","",COUNTIFS('Visit Log'!$C$6:$C$1005,$A6,'Visit Log'!$A$6:$A$1005,">="&TODAY()-30)) | X6: =IF($A6="","",COUNTIFS('Visit Log'!$C$6:$C$1005,$A6,'Visit Log'!$T$6:$T$1005,"Open")+COUNTIFS('Visit Log'!$C$6:$C$1005,$A6,'Visit Log'!$T$6:$T$1005,"In Progress")) | Y6: =IF($A6="","",IF(COUNTIFS('Visit Log'!$C$6:$C$1005,$A6)=0,"No visits",_xlfn.MAXIFS('Visit Log'!$A$6:$A$1005,'Visit Log'!$C$6:$C$1005,$A6)))
A7: ZOA | Mountain West South | B7: ZOA | C7: Albertsons/Safeway | D7: Mountain West South | E7: CO / WY | H7: ZOA core SKUs | J7: Promo display where authorized | L7: Promo 2 for $4 | N7: Aug-Dec 2026 | O7: =IF($A7="","",IF(COUNTIFS('Promo Calendar'!$A$6:$A$400,$A7,'Promo Calendar'!$L$6:$L$400,"Active")=0,"None active",INDEX('Promo Calendar'!$F$6:$F$400,MATCH($A7,'Promo Calendar'!$O$6:$O$400,0))&IF(COUNTIFS('Promo Calendar'!$A$6:$A$400,$A7,'Promo Calendar'!$L$6:$L$400,"Active")>1," (+"&(COUNTIFS('Promo Calendar'!$A$6:$A$400,$A7,'Promo Calendar'!$L$6:$L$400,"Active")-1)&" more)",""))) | P7: =IF($A7="","",IF(COUNTIFS('Promo Calendar'!$A$6:$A$400,$A7,'Promo Calendar'!$L$6:$L$400,"Active",'Promo Calendar'!$G$6:$G$400,">0")>0,_xlfn.MINIFS('Promo Calendar'!$G$6:$G$400,'Promo Calendar'!$A$6:$A$400,$A7,'Promo Calendar'!$L$6:$L$400,"Active",'Promo Calendar'!$G$6:$G$400,">0"),IF(M7="","Not set",M7))) | Q7: =IF($A7="","",IF(COUNTIFS('Promo Calendar'!$A$6:$A$400,$A7,'Promo Calendar'!$I$6:$I$400,">"&TODAY())=0,"None scheduled",_xlfn.MINIFS('Promo Calendar'!$I$6:$I$400,'Promo Calendar'!$A$6:$A$400,$A7,'Promo Calendar'!$I$6:$I$400,">"&TODAY()))) | R7: Promote ZOA at 2 for $4. | T7: Non-Alc Chain 9/8/26 | U7: Current (2026) | W7: =IF($A7="","",COUNTIFS('Visit Log'!$C$6:$C$1005,$A7,'Visit Log'!$A$6:$A$1005,">="&TODAY()-30)) | X7: =IF($A7="","",COUNTIFS('Visit Log'!$C$6:$C$1005,$A7,'Visit Log'!$T$6:$T$1005,"Open")+COUNTIFS('Visit Log'!$C$6:$C$1005,$A7,'Visit Log'!$T$6:$T$1005,"In Progress")) | Y7: =IF($A7="","",IF(COUNTIFS('Visit Log'!$C$6:$C$1005,$A7)=0,"No visits",_xlfn.MAXIFS('Visit Log'!$A$6:$A$1005,'Visit Log'!$C$6:$C$1005,$A7)))
A8: ZOA | Southwest Division (SWD) | B8: ZOA | C8: Albertsons/Safeway | D8: Southwest Division (SWD) | E8: AZ / LV / NM | H8: ZOA core SKUs | J8: Promo display where authorized | L8: Promo 2 for $4 | N8: Aug-Dec 2026 | O8: =IF($A8="","",IF(COUNTIFS('Promo Calendar'!$A$6:$A$400,$A8,'Promo Calendar'!$L$6:$L$400,"Active")=0,"None active",INDEX('Promo Calendar'!$F$6:$F$400,MATCH($A8,'Promo Calendar'!$O$6:$O$400,0))&IF(COUNTIFS('Promo Calendar'!$A$6:$A$400,$A8,'Promo Calendar'!$L$6:$L$400,"Active")>1," (+"&(COUNTIFS('Promo Calendar'!$A$6:$A$400,$A8,'Promo Calendar'!$L$6:$L$400,"Active")-1)&" more)",""))) | P8: =IF($A8="","",IF(COUNTIFS('Promo Calendar'!$A$6:$A$400,$A8,'Promo Calendar'!$L$6:$L$400,"Active",'Promo Calendar'!$G$6:$G$400,">0")>0,_xlfn.MINIFS('Promo Calendar'!$G$6:$G$400,'Promo Calendar'!$A$6:$A$400,$A8,'Promo Calendar'!$L$6:$L$400,"Active",'Promo Calendar'!$G$6:$G$400,">0"),IF(M8="","Not set",M8))) | Q8: =IF($A8="","",IF(COUNTIFS('Promo Calendar'!$A$6:$A$400,$A8,'Promo Calendar'!$I$6:$I$400,">"&TODAY())=0,"None scheduled",_xlfn.MINIFS('Promo Calendar'!$I$6:$I$400,'Promo Calendar'!$A$6:$A$400,$A8,'Promo Calendar'!$I$6:$I$400,">"&TODAY()))) | R8: Promote ZOA at 2 for $4. | T8: Non-Alc Chain 9/8/26 | U8: Current (2026) | W8: =IF($A8="","",COUNTIFS('Visit Log'!$C$6:$C$1005,$A8,'Visit Log'!$A$6:$A$1005,">="&TODAY()-30)) | X8: =IF($A8="","",COUNTIFS('Visit Log'!$C$6:$C$1005,$A8,'Visit Log'!$T$6:$T$1005,"Open")+COUNTIFS('Visit Log'!$C$6:$C$1005,$A8,'Visit Log'!$T$6:$T$1005,"In Progress")) | Y8: =IF($A8="","",IF(COUNTIFS('Visit Log'!$C$6:$C$1005,$A8)=0,"No visits",_xlfn.MAXIFS('Visit Log'!$A$6:$A$1005,'Visit Log'!$C$6:$C$1005,$A8)))
A9: ZOA | Smart & Final | B9: ZOA | C9: Smart & Final | D9: Smart & Final | E9: Chain-wide | H9: 12-pack; Frosted Grape and Tropical Punch singles | J9: Store-level display (authorization required); shelf tags | L9: 12pk $17.99 (to 9/22); singles 2 for $3 (9/23-11/3) | N9: 8/26-11/3/2026 | O9: =IF($A9="","",IF(COUNTIFS('Promo Calendar'!$A$6:$A$400,$A9,'Promo Calendar'!$L$6:$L$400,"Active")=0,"None active",INDEX('Promo Calendar'!$F$6:$F$400,MATCH($A9,'Promo Calendar'!$O$6:$O$400,0))&IF(COUNTIFS('Promo Calendar'!$A$6:$A$400,$A9,'Promo Calendar'!$L$6:$L$400,"Active")>1," (+"&(COUNTIFS('Promo Calendar'!$A$6:$A$400,$A9,'Promo Calendar'!$L$6:$L$400,"Active")-1)&" more)",""))) | P9: =IF($A9="","",IF(COUNTIFS('Promo Calendar'!$A$6:$A$400,$A9,'Promo Calendar'!$L$6:$L$400,"Active",'Promo Calendar'!$G$6:$G$400,">0")>0,_xlfn.MINIFS('Promo Calendar'!$G$6:$G$400,'Promo Calendar'!$A$6:$A$400,$A9,'Promo Calendar'!$L$6:$L$400,"Active",'Promo Calendar'!$G$6:$G$400,">0"),IF(M9="","Not set",M9))) | Q9: =IF($A9="","",IF(COUNTIFS('Promo Calendar'!$A$6:$A$400,$A9,'Promo Calendar'!$I$6:$I$400,">"&TODAY())=0,"None scheduled",_xlfn.MINIFS('Promo Calendar'!$I$6:$I$400,'Promo Calendar'!$A$6:$A$400,$A9,'Promo Calendar'!$I$6:$I$400,">"&TODAY()))) | R9: Secure shelf tags and store-level display authorization. | T9: Non-Alc Chain 9/8/26 | U9: Current (2026) | W9: =IF($A9="","",COUNTIFS('Visit Log'!$C$6:$C$1005,$A9,'Visit Log'!$A$6:$A$1005,">="&TODAY()-30)) | X9: =IF($A9="","",COUNTIFS('Visit Log'!$C$6:$C$1005,$A9,'Visit Log'!$T$6:$T$1005,"Open")+COUNTIFS('Visit Log'!$C$6:$C$1005,$A9,'Visit Log'!$T$6:$T$1005,"In Progress")) | Y9: =IF($A9="","",IF(COUNTIFS('Visit Log'!$C$6:$C$1005,$A9)=0,"No visits",_xlfn.MAXIFS('Visit Log'!$A$6:$A$1005,'Visit Log'!$C$6:$C$1005,$A9)))
A10: ZOA | Yoke's Fresh Market | B10: ZOA | C10: Yoke's Fresh Market | D10: Yoke's Fresh Market | E10: W. WA | H10: ZOA core SKUs | J10: Per store planogram - confirm | K10: $15.30 case cost | L10: Retail TBD | N10: 8/2-10/3/2026 | O10: =IF($A10="","",IF(COUNTIFS('Promo Calendar'!$A$6:$A$400,$A10,'Promo Calendar'!$L$6:$L$400,"Active")=0,"None active",INDEX('Promo Calendar'!$F$6:$F$400,MATCH($A10,'Promo Calendar'!$O$6:$O$400,0))&IF(COUNTIFS('Promo Calendar'!$A$6:$A$400,$A10,'Promo Calendar'!$L$6:$L$400,"Active")>1," (+"&(COUNTIFS('Promo Calendar'!$A$6:$A$400,$A10,'Promo Calendar'!$L$6:$L$400,"Active")-1)&" more)",""))) | P10: =IF($A10="","",IF(COUNTIFS('Promo Calendar'!$A$6:$A$400,$A10,'Promo Calendar'!$L$6:$L$400,"Active",'Promo Calendar'!$G$6:$G$400,">0")>0,_xlfn.MINIFS('Promo Calendar'!$G$6:$G$400,'Promo Calendar'!$A$6:$A$400,$A10,'Promo Calendar'!$L$6:$L$400,"Active",'Promo Calendar'!$G$6:$G$400,">0"),IF(M10="","Not set",M10))) | Q10: =IF($A10="","",IF(COUNTIFS('Promo Calendar'!$A$6:$A$400,$A10,'Promo Calendar'!$I$6:$I$400,">"&TODAY())=0,"None scheduled",_xlfn.MINIFS('Promo Calendar'!$I$6:$I$400,'Promo Calendar'!$A$6:$A$400,$A10,'Promo Calendar'!$I$6:$I$400,">"&TODAY()))) | R10: $15.30 case cost. Retail TBD. | T10: Non-Alc Chain 9/8/26 | U10: Current (2026) | W10: =IF($A10="","",COUNTIFS('Visit Log'!$C$6:$C$1005,$A10,'Visit Log'!$A$6:$A$1005,">="&TODAY()-30)) | X10: =IF($A10="","",COUNTIFS('Visit Log'!$C$6:$C$1005,$A10,'Visit Log'!$T$6:$T$1005,"Open")+COUNTIFS('Visit Log'!$C$6:$C$1005,$A10,'Visit Log'!$T$6:$T$1005,"In Progress")) | Y10: =IF($A10="","",IF(COUNTIFS('Visit Log'!$C$6:$C$1005,$A10)=0,"No visits",_xlfn.MAXIFS('Visit Log'!$A$6:$A$1005,'Visit Log'!$C$6:$C$1005,$A10)))
A11: Henry's | Mountain West North | B11: Henry's | C11: Albertsons/Safeway | D11: Mountain West North | E11: PNW / ID / UT / WY | H11: Root Beer, Orange Cream, Vanilla Cream; Black Cherry Cream select stores | I11: 1 case of each flavor backstock | J11: Shelf set + displays | K11: $23 case (transition) | L11: SRP $7.99 (2025 ABSCO) | M11: 7.99 | N11: Effective 9/7/2026 | O11: =IF($A11="","",IF(COUNTIFS('Promo Calendar'!$A$6:$A$400,$A11,'Promo Calendar'!$L$6:$L$400,"Active")=0,"None active",INDEX('Promo Calendar'!$F$6:$F$400,MATCH($A11,'Promo Calendar'!$O$6:$O$400,0))&IF(COUNTIFS('Promo Calendar'!$A$6:$A$400,$A11,'Promo Calendar'!$L$6:$L$400,"Active")>1," (+"&(COUNTIFS('Promo Calendar'!$A$6:$A$400,$A11,'Promo Calendar'!$L$6:$L$400,"Active")-1)&" more)",""))) | P11: =IF($A11="","",IF(COUNTIFS('Promo Calendar'!$A$6:$A$400,$A11,'Promo Calendar'!$L$6:$L$400,"Active",'Promo Calendar'!$G$6:$G$400,">0")>0,_xlfn.MINIFS('Promo Calendar'!$G$6:$G$400,'Promo Calendar'!$A$6:$A$400,$A11,'Promo Calendar'!$L$6:$L$400,"Active",'Promo Calendar'!$G$6:$G$400,">0"),IF(M11="","Not set",M11))) | Q11: =IF($A11="","",IF(COUNTIFS('Promo Calendar'!$A$6:$A$400,$A11,'Promo Calendar'!$I$6:$I$400,">"&TODAY())=0,"None scheduled",_xlfn.MINIFS('Promo Calendar'!$I$6:$I$400,'Promo Calendar'!$A$6:$A$400,$A11,'Promo Calendar'!$I$6:$I$400,">"&TODAY()))) | R11: Reflect approved PTRs in distributor price books. Sell in displays. Transition to $23 case pricing. | T11: Non-Alc 9/8/26 + HW 8/25/25 | U11: Confirm for 2026 | W11: =IF($A11="","",COUNTIFS('Visit Log'!$C$6:$C$1005,$A11,'Visit Log'!$A$6:$A$1005,">="&TODAY()-30)) | X11: =IF($A11="","",COUNTIFS('Visit Log'!$C$6:$C$1005,$A11,'Visit Log'!$T$6:$T$1005,"Open")+COUNTIFS('Visit Log'!$C$6:$C$1005,$A11,'Visit Log'!$T$6:$T$1005,"In Progress")) | Y11: =IF($A11="","",IF(COUNTIFS('Visit Log'!$C$6:$C$1005,$A11)=0,"No visits",_xlfn.MAXIFS('Visit Log'!$A$6:$A$1005,'Visit Log'!$C$6:$C$1005,$A11)))
A12: Henry's | Mountain West South | B12: Henry's | C12: Albertsons/Safeway | D12: Mountain West South | E12: CO / WY | H12: Root Beer, Orange Cream, Vanilla Cream; Black Cherry Cream select stores | I12: 1 case of each flavor backstock | J12: Shelf set + displays | K12: New pricing structure | L12: SRP $7.99 (2025 ABSCO) | M12: 7.99 | N12: Effective 9/7/2026 | O12: =IF($A12="","",IF(COUNTIFS('Promo Calendar'!$A$6:$A$400,$A12,'Promo Calendar'!$L$6:$L$400,"Active")=0,"None active",INDEX('Promo Calendar'!$F$6:$F$400,MATCH($A12,'Promo Calendar'!$O$6:$O$400,0))&IF(COUNTIFS('Promo Calendar'!$A$6:$A$400,$A12,'Promo Calendar'!$L$6:$L$400,"Active")>1," (+"&(COUNTIFS('Promo Calendar'!$A$6:$A$400,$A12,'Promo Calendar'!$L$6:$L$400,"Active")-1)&" more)",""))) | P12: =IF($A12="","",IF(COUNTIFS('Promo Calendar'!$A$6:$A$400,$A12,'Promo Calendar'!$L$6:$L$400,"Active",'Promo Calendar'!$G$6:$G$400,">0")>0,_xlfn.MINIFS('Promo Calendar'!$G$6:$G$400,'Promo Calendar'!$A$6:$A$400,$A12,'Promo Calendar'!$L$6:$L$400,"Active",'Promo Calendar'!$G$6:$G$400,">0"),IF(M12="","Not set",M12))) | Q12: =IF($A12="","",IF(COUNTIFS('Promo Calendar'!$A$6:$A$400,$A12,'Promo Calendar'!$I$6:$I$400,">"&TODAY())=0,"None scheduled",_xlfn.MINIFS('Promo Calendar'!$I$6:$I$400,'Promo Calendar'!$A$6:$A$400,$A12,'Promo Calendar'!$I$6:$I$400,">"&TODAY()))) | R12: Confirm distributor price book accuracy. Sell in displays. Execute the new pricing structure. | T12: Non-Alc 9/8/26 + HW 8/25/25 | U12: Confirm for 2026 | W12: =IF($A12="","",COUNTIFS('Visit Log'!$C$6:$C$1005,$A12,'Visit Log'!$A$6:$A$1005,">="&TODAY()-30)) | X12: =IF($A12="","",COUNTIFS('Visit Log'!$C$6:$C$1005,$A12,'Visit Log'!$T$6:$T$1005,"Open")+COUNTIFS('Visit Log'!$C$6:$C$1005,$A12,'Visit Log'!$T$6:$T$1005,"In Progress")) | Y12: =IF($A12="","",IF(COUNTIFS('Visit Log'!$C$6:$C$1005,$A12)=0,"No visits",_xlfn.MAXIFS('Visit Log'!$A$6:$A$1005,'Visit Log'!$C$6:$C$1005,$A12)))
A13: Henry's | Southwest Division (SWD) #17 | B13: Henry's | C13: Albertsons/Safeway | D13: Southwest Division (SWD) #17 | E13: AZ / LV / NM | H13: Root Beer, Orange Cream, Vanilla Cream; Black Cherry Cream select stores | I13: 1 case of each flavor backstock | J13: Shelf set + displays | L13: EDLP $7.99 | M13: 7.99 | N13: Ongoing | O13: =IF($A13="","",IF(COUNTIFS('Promo Calendar'!$A$6:$A$400,$A13,'Promo Calendar'!$L$6:$L$400,"Active")=0,"None active",INDEX('Promo Calendar'!$F$6:$F$400,MATCH($A13,'Promo Calendar'!$O$6:$O$400,0))&IF(COUNTIFS('Promo Calendar'!$A$6:$A$400,$A13,'Promo Calendar'!$L$6:$L$400,"Active")>1," (+"&(COUNTIFS('Promo Calendar'!$A$6:$A$400,$A13,'Promo Calendar'!$L$6:$L$400,"Active")-1)&" more)",""))) | P13: =IF($A13="","",IF(COUNTIFS('Promo Calendar'!$A$6:$A$400,$A13,'Promo Calendar'!$L$6:$L$400,"Active",'Promo Calendar'!$G$6:$G$400,">0")>0,_xlfn.MINIFS('Promo Calendar'!$G$6:$G$400,'Promo Calendar'!$A$6:$A$400,$A13,'Promo Calendar'!$L$6:$L$400,"Active",'Promo Calendar'!$G$6:$G$400,">0"),IF(M13="","Not set",M13))) | Q13: =IF($A13="","",IF(COUNTIFS('Promo Calendar'!$A$6:$A$400,$A13,'Promo Calendar'!$I$6:$I$400,">"&TODAY())=0,"None scheduled",_xlfn.MINIFS('Promo Calendar'!$I$6:$I$400,'Promo Calendar'!$A$6:$A$400,$A13,'Promo Calendar'!$I$6:$I$400,">"&TODAY()))) | R13: Reflect approved PTRs, actively sell displays and maintain $7.99 EDLP. | T13: Non-Alc 9/8/26 + HW 8/25/25 | U13: Current (2026) | W13: =IF($A13="","",COUNTIFS('Visit Log'!$C$6:$C$1005,$A13,'Visit Log'!$A$6:$A$1005,">="&TODAY()-30)) | X13: =IF($A13="","",COUNTIFS('Visit Log'!$C$6:$C$1005,$A13,'Visit Log'!$T$6:$T$1005,"Open")+COUNTIFS('Visit Log'!$C$6:$C$1005,$A13,'Visit Log'!$T$6:$T$1005,"In Progress")) | Y13: =IF($A13="","",IF(COUNTIFS('Visit Log'!$C$6:$C$1005,$A13)=0,"No visits",_xlfn.MAXIFS('Visit Log'!$A$6:$A$1005,'Visit Log'!$C$6:$C$1005,$A13)))
A14: Henry's | BevMo! | B14: Henry's | C14: BevMo! | D14: BevMo! | E14: Non-alcohol section | F14: MU-AK ID OR WA: 5; MU-AZ NM LAS VEGAS: 5; MU-CA HI NORTH NV: 99 | G14: 109 | H14: Root Beer, Black Cherry Cream, Orange Cream, Vanilla Cream | I14: 1 case of each flavor backstock | J14: Non-alcohol section | L14: SRP $8.99; promo TBD | M14: 8.99 | N14: Ongoing | O14: =IF($A14="","",IF(COUNTIFS('Promo Calendar'!$A$6:$A$400,$A14,'Promo Calendar'!$L$6:$L$400,"Active")=0,"None active",INDEX('Promo Calendar'!$F$6:$F$400,MATCH($A14,'Promo Calendar'!$O$6:$O$400,0))&IF(COUNTIFS('Promo Calendar'!$A$6:$A$400,$A14,'Promo Calendar'!$L$6:$L$400,"Active")>1," (+"&(COUNTIFS('Promo Calendar'!$A$6:$A$400,$A14,'Promo Calendar'!$L$6:$L$400,"Active")-1)&" more)",""))) | P14: =IF($A14="","",IF(COUNTIFS('Promo Calendar'!$A$6:$A$400,$A14,'Promo Calendar'!$L$6:$L$400,"Active",'Promo Calendar'!$G$6:$G$400,">0")>0,_xlfn.MINIFS('Promo Calendar'!$G$6:$G$400,'Promo Calendar'!$A$6:$A$400,$A14,'Promo Calendar'!$L$6:$L$400,"Active",'Promo Calendar'!$G$6:$G$400,">0"),IF(M14="","Not set",M14))) | Q14: =IF($A14="","",IF(COUNTIFS('Promo Calendar'!$A$6:$A$400,$A14,'Promo Calendar'!$I$6:$I$400,">"&TODAY())=0,"None scheduled",_xlfn.MINIFS('Promo Calendar'!$I$6:$I$400,'Promo Calendar'!$A$6:$A$400,$A14,'Promo Calendar'!$I$6:$I$400,">"&TODAY()))) | R14: Confirm all four Henry's SKUs are on shelf. Support reorders and in-stock conditions. Promo pricing TBD (Bob and Lexi setting up price promotions, per 2025 hot sheet). | T14: Non-Alc 9/8/26 + HW 8/25/25 | U14: Current (2026) | W14: =IF($A14="","",COUNTIFS('Visit Log'!$C$6:$C$1005,$A14,'Visit Log'!$A$6:$A$1005,">="&TODAY()-30)) | X14: =IF($A14="","",COUNTIFS('Visit Log'!$C$6:$C$1005,$A14,'Visit Log'!$T$6:$T$1005,"Open")+COUNTIFS('Visit Log'!$C$6:$C$1005,$A14,'Visit Log'!$T$6:$T$1005,"In Progress")) | Y14: =IF($A14="","",IF(COUNTIFS('Visit Log'!$C$6:$C$1005,$A14)=0,"No visits",_xlfn.MAXIFS('Visit Log'!$A$6:$A$1005,'Visit Log'!$C$6:$C$1005,$A14)))
A15: Henry's | Raley's | B15: Henry's | C15: Raley's | D15: Raley's | E15: NorCal (+ AZ per 2025 hot sheet) | F15: MU-CA HI NORTH NV: 115; MU-AZ NM LAS VEGAS: 44 | G15: 159 | H15: Root Beer, Orange Cream, Vanilla Cream; Black Cherry Cream select stores | I15: 1 case of each flavor backstock | J15: Shelf set + displays | K15: $23 frontline; $3.45 O/I; $19.55 net; $1.00/CE scan | L15: SRP $6.49 (2025) | M15: 6.49 | N15: 2H 2026 - four promo windows (dates not listed) | O15: =IF($A15="","",IF(COUNTIFS('Promo Calendar'!$A$6:$A$400,$A15,'Promo Calendar'!$L$6:$L$400,"Active")=0,"None active",INDEX('Promo Calendar'!$F$6:$F$400,MATCH($A15,'Promo Calendar'!$O$6:$O$400,0))&IF(COUNTIFS('Promo Calendar'!$A$6:$A$400,$A15,'Promo Calendar'!$L$6:$L$400,"Active")>1," (+"&(COUNTIFS('Promo Calendar'!$A$6:$A$400,$A15,'Promo Calendar'!$L$6:$L$400,"Active")-1)&" more)",""))) | P15: =IF($A15="","",IF(COUNTIFS('Promo Calendar'!$A$6:$A$400,$A15,'Promo Calendar'!$L$6:$L$400,"Active",'Promo Calendar'!$G$6:$G$400,">0")>0,_xlfn.MINIFS('Promo Calendar'!$G$6:$G$400,'Promo Calendar'!$A$6:$A$400,$A15,'Promo Calendar'!$L$6:$L$400,"Active",'Promo Calendar'!$G$6:$G$400,">0"),IF(M15="","Not set",M15))) | Q15: =IF($A15="","",IF(COUNTIFS('Promo Calendar'!$A$6:$A$400,$A15,'Promo Calendar'!$I$6:$I$400,">"&TODAY())=0,"None scheduled",_xlfn.MINIFS('Promo Calendar'!$I$6:$I$400,'Promo Calendar'!$A$6:$A$400,$A15,'Promo Calendar'!$I$6:$I$400,">"&TODAY()))) | R15: $23 frontline. $3.45 O/I, $19.55 net and $1.00/CE scan in four promotional windows. Priority to close gaps and hit 90%+ re-service rates. | T15: Non-Alc 9/8/26 + HW 8/25/25 | U15: Confirm for 2026 | W15: =IF($A15="","",COUNTIFS('Visit Log'!$C$6:$C$1005,$A15,'Visit Log'!$A$6:$A$1005,">="&TODAY()-30)) | X15: =IF($A15="","",COUNTIFS('Visit Log'!$C$6:$C$1005,$A15,'Visit Log'!$T$6:$T$1005,"Open")+COUNTIFS('Visit Log'!$C$6:$C$1005,$A15,'Visit Log'!$T$6:$T$1005,"In Progress")) | Y15: =IF($A15="","",IF(COUNTIFS('Visit Log'!$C$6:$C$1005,$A15)=0,"No visits",_xlfn.MAXIFS('Visit Log'!$A$6:$A$1005,'Visit Log'!$C$6:$C$1005,$A15)))
A16: Henry's | Yoke's Fresh Market | B16: Henry's | C16: Yoke's Fresh Market | D16: Yoke's Fresh Market | E16: W. WA | F16: MU-AK ID OR WA: 17 | G16: 17 | H16: Root Beer, Black Cherry Cream, Orange Cream, Vanilla Cream | I16: 1 case of each flavor backstock | J16: Shelf set + displays | K16: $19.55 case cost (6/1-9/8/2026) | L16: SRP $6.49 (2025); retail TBD | M16: 6.49 | N16: 6/1-9/8/2026 | O16: =IF($A16="","",IF(COUNTIFS('Promo Calendar'!$A$6:$A$400,$A16,'Promo Calendar'!$L$6:$L$400,"Active")=0,"None active",INDEX('Promo Calendar'!$F$6:$F$400,MATCH($A16,'Promo Calendar'!$O$6:$O$400,0))&IF(COUNTIFS('Promo Calendar'!$A$6:$A$400,$A16,'Promo Calendar'!$L$6:$L$400,"Active")>1," (+"&(COUNTIFS('Promo Calendar'!$A$6:$A$400,$A16,'Promo Calendar'!$L$6:$L$400,"Active")-1)&" more)",""))) | P16: =IF($A16="","",IF(COUNTIFS('Promo Calendar'!$A$6:$A$400,$A16,'Promo Calendar'!$L$6:$L$400,"Active",'Promo Calendar'!$G$6:$G$400,">0")>0,_xlfn.MINIFS('Promo Calendar'!$G$6:$G$400,'Promo Calendar'!$A$6:$A$400,$A16,'Promo Calendar'!$L$6:$L$400,"Active",'Promo Calendar'!$G$6:$G$400,">0"),IF(M16="","Not set",M16))) | Q16: =IF($A16="","",IF(COUNTIFS('Promo Calendar'!$A$6:$A$400,$A16,'Promo Calendar'!$I$6:$I$400,">"&TODAY())=0,"None scheduled",_xlfn.MINIFS('Promo Calendar'!$I$6:$I$400,'Promo Calendar'!$A$6:$A$400,$A16,'Promo Calendar'!$I$6:$I$400,">"&TODAY()))) | R16: $19.55 case cost. Retail TBD. Priority to close gaps and hit 90%+ re-service rates. Sell in displays at store level to support promotional pricing. | T16: Non-Alc 9/8/26 + HW 8/25/25 | U16: Confirm for 2026 | W16: =IF($A16="","",COUNTIFS('Visit Log'!$C$6:$C$1005,$A16,'Visit Log'!$A$6:$A$1005,">="&TODAY()-30)) | X16: =IF($A16="","",COUNTIFS('Visit Log'!$C$6:$C$1005,$A16,'Visit Log'!$T$6:$T$1005,"Open")+COUNTIFS('Visit Log'!$C$6:$C$1005,$A16,'Visit Log'!$T$6:$T$1005,"In Progress")) | Y16: =IF($A16="","",IF(COUNTIFS('Visit Log'!$C$6:$C$1005,$A16)=0,"No visits",_xlfn.MAXIFS('Visit Log'!$A$6:$A$1005,'Visit Log'!$C$6:$C$1005,$A16)))
A17: Henry's | WinCo Foods | B17: Henry's | C17: WinCo Foods | D17: WinCo Foods | E17: PNW / NorCal / Utah | F17: MU-AK ID OR WA: 59; MU-AZ NM LAS VEGAS: 10; MU-CA HI NORTH NV: 40 | G17: 109 | H17: Root Beer, Black Cherry Cream, Orange Cream, Vanilla Cream | I17: 1 case of each flavor backstock | J17: Shelf set + promo displays | K17: $23 frontline; $19.55 Tier 2; $18.40 Tier 3 | L17: SRP $6.49 (2025) | M17: 6.49 | N17: Jun-Dec 2026 (see Promo Calendar) | O17: =IF($A17="","",IF(COUNTIFS('Promo Calendar'!$A$6:$A$400,$A17,'Promo Calendar'!$L$6:$L$400,"Active")=0,"None active",INDEX('Promo Calendar'!$F$6:$F$400,MATCH($A17,'Promo Calendar'!$O$6:$O$400,0))&IF(COUNTIFS('Promo Calendar'!$A$6:$A$400,$A17,'Promo Calendar'!$L$6:$L$400,"Active")>1," (+"&(COUNTIFS('Promo Calendar'!$A$6:$A$400,$A17,'Promo Calendar'!$L$6:$L$400,"Active")-1)&" more)",""))) | P17: =IF($A17="","",IF(COUNTIFS('Promo Calendar'!$A$6:$A$400,$A17,'Promo Calendar'!$L$6:$L$400,"Active",'Promo Calendar'!$G$6:$G$400,">0")>0,_xlfn.MINIFS('Promo Calendar'!$G$6:$G$400,'Promo Calendar'!$A$6:$A$400,$A17,'Promo Calendar'!$L$6:$L$400,"Active",'Promo Calendar'!$G$6:$G$400,">0"),IF(M17="","Not set",M17))) | Q17: =IF($A17="","",IF(COUNTIFS('Promo Calendar'!$A$6:$A$400,$A17,'Promo Calendar'!$I$6:$I$400,">"&TODAY())=0,"None scheduled",_xlfn.MINIFS('Promo Calendar'!$I$6:$I$400,'Promo Calendar'!$A$6:$A$400,$A17,'Promo Calendar'!$I$6:$I$400,">"&TODAY()))) | R17: $23 frontline effective 6/1. $19.55 Tier 2 and $18.40 Tier 3 promotional/display pricing. Priority to close gaps and hit 90%+ re-service rates. | T17: Non-Alc 9/8/26 + HW 8/25/25 | U17: Confirm for 2026 | W17: =IF($A17="","",COUNTIFS('Visit Log'!$C$6:$C$1005,$A17,'Visit Log'!$A$6:$A$1005,">="&TODAY()-30)) | X17: =IF($A17="","",COUNTIFS('Visit Log'!$C$6:$C$1005,$A17,'Visit Log'!$T$6:$T$1005,"Open")+COUNTIFS('Visit Log'!$C$6:$C$1005,$A17,'Visit Log'!$T$6:$T$1005,"In Progress")) | Y17: =IF($A17="","",IF(COUNTIFS('Visit Log'!$C$6:$C$1005,$A17)=0,"No visits",_xlfn.MAXIFS('Visit Log'!$A$6:$A$1005,'Visit Log'!$C$6:$C$1005,$A17)))
A18: Henry's | Save Mart / Lucky | B18: Henry's | C18: Save Mart / Lucky | D18: Save Mart / Lucky | E18: NorCal / N. NV | F18: MU-CA HI NORTH NV: 188 | G18: 188 | H18: Root Beer, Orange Cream, Vanilla Cream; Black Cherry Cream select stores | I18: 1 case of each flavor backstock | J18: Shelf set + displays | L18: SRP $6.49 | M18: 6.49 | N18: 2025: 6/1-9/6, 10/5-1/3 | O18: =IF($A18="","",IF(COUNTIFS('Promo Calendar'!$A$6:$A$400,$A18,'Promo Calendar'!$L$6:$L$400,"Active")=0,"None active",INDEX('Promo Calendar'!$F$6:$F$400,MATCH($A18,'Promo Calendar'!$O$6:$O$400,0))&IF(COUNTIFS('Promo Calendar'!$A$6:$A$400,$A18,'Promo Calendar'!$L$6:$L$400,"Active")>1," (+"&(COUNTIFS('Promo Calendar'!$A$6:$A$400,$A18,'Promo Calendar'!$L$6:$L$400,"Active")-1)&" more)",""))) | P18: =IF($A18="","",IF(COUNTIFS('Promo Calendar'!$A$6:$A$400,$A18,'Promo Calendar'!$L$6:$L$400,"Active",'Promo Calendar'!$G$6:$G$400,">0")>0,_xlfn.MINIFS('Promo Calendar'!$G$6:$G$400,'Promo Calendar'!$A$6:$A$400,$A18,'Promo Calendar'!$L$6:$L$400,"Active",'Promo Calendar'!$G$6:$G$400,">0"),IF(M18="","Not set",M18))) | Q18: =IF($A18="","",IF(COUNTIFS('Promo Calendar'!$A$6:$A$400,$A18,'Promo Calendar'!$I$6:$I$400,">"&TODAY())=0,"None scheduled",_xlfn.MINIFS('Promo Calendar'!$I$6:$I$400,'Promo Calendar'!$A$6:$A$400,$A18,'Promo Calendar'!$I$6:$I$400,">"&TODAY()))) | R18: Priority to close gaps and hit 90%+ re-service rates. Sell in displays at store level to support promotional pricing. | T18: HW Hot Sheet 8/25/25 | U18: Confirm for 2026 | W18: =IF($A18="","",COUNTIFS('Visit Log'!$C$6:$C$1005,$A18,'Visit Log'!$A$6:$A$1005,">="&TODAY()-30)) | X18: =IF($A18="","",COUNTIFS('Visit Log'!$C$6:$C$1005,$A18,'Visit Log'!$T$6:$T$1005,"Open")+COUNTIFS('Visit Log'!$C$6:$C$1005,$A18,'Visit Log'!$T$6:$T$1005,"In Progress")) | Y18: =IF($A18="","",IF(COUNTIFS('Visit Log'!$C$6:$C$1005,$A18)=0,"No visits",_xlfn.MAXIFS('Visit Log'!$A$6:$A$1005,'Visit Log'!$C$6:$C$1005,$A18)))
A19: Henry's | SFWY Portland Div. #19 | B19: Henry's | C19: Albertsons/Safeway | D19: SFWY Portland Div. #19 | E19: OR / SW WA | H19: Root Beer, Orange Cream, Vanilla Cream; Black Cherry Cream select stores | I19: 1 case of each flavor backstock | J19: Shelves merchandised; backstock | L19: SRP $7.99 | M19: 7.99 | N19: 2025: 6/1-9/6, 10/5-1/3 | O19: =IF($A19="","",IF(COUNTIFS('Promo Calendar'!$A$6:$A$400,$A19,'Promo Calendar'!$L$6:$L$400,"Active")=0,"None active",INDEX('Promo Calendar'!$F$6:$F$400,MATCH($A19,'Promo Calendar'!$O$6:$O$400,0))&IF(COUNTIFS('Promo Calendar'!$A$6:$A$400,$A19,'Promo Calendar'!$L$6:$L$400,"Active")>1," (+"&(COUNTIFS('Promo Calendar'!$A$6:$A$400,$A19,'Promo Calendar'!$L$6:$L$400,"Active")-1)&" more)",""))) | P19: =IF($A19="","",IF(COUNTIFS('Promo Calendar'!$A$6:$A$400,$A19,'Promo Calendar'!$L$6:$L$400,"Active",'Promo Calendar'!$G$6:$G$400,">0")>0,_xlfn.MINIFS('Promo Calendar'!$G$6:$G$400,'Promo Calendar'!$A$6:$A$400,$A19,'Promo Calendar'!$L$6:$L$400,"Active",'Promo Calendar'!$G$6:$G$400,">0"),IF(M19="","Not set",M19))) | Q19: =IF($A19="","",IF(COUNTIFS('Promo Calendar'!$A$6:$A$400,$A19,'Promo Calendar'!$I$6:$I$400,">"&TODAY())=0,"None scheduled",_xlfn.MINIFS('Promo Calendar'!$I$6:$I$400,'Promo Calendar'!$A$6:$A$400,$A19,'Promo Calendar'!$I$6:$I$400,">"&TODAY()))) | R19: Ensure shelves are merchandised. Sufficient inventory in backstock. | T19: HW Hot Sheet 8/25/25 | U19: Confirm for 2026 | W19: =IF($A19="","",COUNTIFS('Visit Log'!$C$6:$C$1005,$A19,'Visit Log'!$A$6:$A$1005,">="&TODAY()-30)) | X19: =IF($A19="","",COUNTIFS('Visit Log'!$C$6:$C$1005,$A19,'Visit Log'!$T$6:$T$1005,"Open")+COUNTIFS('Visit Log'!$C$6:$C$1005,$A19,'Visit Log'!$T$6:$T$1005,"In Progress")) | Y19: =IF($A19="","",IF(COUNTIFS('Visit Log'!$C$6:$C$1005,$A19)=0,"No visits",_xlfn.MAXIFS('Visit Log'!$A$6:$A$1005,'Visit Log'!$C$6:$C$1005,$A19)))
A20: Henry's | Haggen Div. #24 | B20: Henry's | C20: Albertsons/Safeway | D20: Haggen Div. #24 | E20: W. WA | H20: Root Beer, Orange Cream, Vanilla Cream; Black Cherry Cream select stores | I20: 1 case of each flavor backstock | J20: Shelves merchandised; backstock | L20: SRP $7.99 | M20: 7.99 | N20: 2025: 6/1-9/6, 10/5-1/3 | O20: =IF($A20="","",IF(COUNTIFS('Promo Calendar'!$A$6:$A$400,$A20,'Promo Calendar'!$L$6:$L$400,"Active")=0,"None active",INDEX('Promo Calendar'!$F$6:$F$400,MATCH($A20,'Promo Calendar'!$O$6:$O$400,0))&IF(COUNTIFS('Promo Calendar'!$A$6:$A$400,$A20,'Promo Calendar'!$L$6:$L$400,"Active")>1," (+"&(COUNTIFS('Promo Calendar'!$A$6:$A$400,$A20,'Promo Calendar'!$L$6:$L$400,"Active")-1)&" more)",""))) | P20: =IF($A20="","",IF(COUNTIFS('Promo Calendar'!$A$6:$A$400,$A20,'Promo Calendar'!$L$6:$L$400,"Active",'Promo Calendar'!$G$6:$G$400,">0")>0,_xlfn.MINIFS('Promo Calendar'!$G$6:$G$400,'Promo Calendar'!$A$6:$A$400,$A20,'Promo Calendar'!$L$6:$L$400,"Active",'Promo Calendar'!$G$6:$G$400,">0"),IF(M20="","Not set",M20))) | Q20: =IF($A20="","",IF(COUNTIFS('Promo Calendar'!$A$6:$A$400,$A20,'Promo Calendar'!$I$6:$I$400,">"&TODAY())=0,"None scheduled",_xlfn.MINIFS('Promo Calendar'!$I$6:$I$400,'Promo Calendar'!$A$6:$A$400,$A20,'Promo Calendar'!$I$6:$I$400,">"&TODAY()))) | R20: Ensure shelves are merchandised. Sufficient inventory in backstock. | T20: HW Hot Sheet 8/25/25 | U20: Confirm for 2026 | W20: =IF($A20="","",COUNTIFS('Visit Log'!$C$6:$C$1005,$A20,'Visit Log'!$A$6:$A$1005,">="&TODAY()-30)) | X20: =IF($A20="","",COUNTIFS('Visit Log'!$C$6:$C$1005,$A20,'Visit Log'!$T$6:$T$1005,"Open")+COUNTIFS('Visit Log'!$C$6:$C$1005,$A20,'Visit Log'!$T$6:$T$1005,"In Progress")) | Y20: =IF($A20="","",IF(COUNTIFS('Visit Log'!$C$6:$C$1005,$A20)=0,"No visits",_xlfn.MAXIFS('Visit Log'!$A$6:$A$1005,'Visit Log'!$C$6:$C$1005,$A20)))
A21: Henry's | NorCal Div. #25 (incl. HI) | B21: Henry's | C21: Albertsons/Safeway | D21: NorCal Div. #25 (incl. HI) | E21: NorCal / HI | H21: Root Beer, Orange Cream, Vanilla Cream; Black Cherry Cream select stores | I21: 1 case of each flavor backstock | J21: Shelves merchandised; backstock | L21: SRP $7.99 (HI $8.99) | M21: 7.99 | N21: 2025: 6/1-9/6, 10/5-1/3 | O21: =IF($A21="","",IF(COUNTIFS('Promo Calendar'!$A$6:$A$400,$A21,'Promo Calendar'!$L$6:$L$400,"Active")=0,"None active",INDEX('Promo Calendar'!$F$6:$F$400,MATCH($A21,'Promo Calendar'!$O$6:$O$400,0))&IF(COUNTIFS('Promo Calendar'!$A$6:$A$400,$A21,'Promo Calendar'!$L$6:$L$400,"Active")>1," (+"&(COUNTIFS('Promo Calendar'!$A$6:$A$400,$A21,'Promo Calendar'!$L$6:$L$400,"Active")-1)&" more)",""))) | P21: =IF($A21="","",IF(COUNTIFS('Promo Calendar'!$A$6:$A$400,$A21,'Promo Calendar'!$L$6:$L$400,"Active",'Promo Calendar'!$G$6:$G$400,">0")>0,_xlfn.MINIFS('Promo Calendar'!$G$6:$G$400,'Promo Calendar'!$A$6:$A$400,$A21,'Promo Calendar'!$L$6:$L$400,"Active",'Promo Calendar'!$G$6:$G$400,">0"),IF(M21="","Not set",M21))) | Q21: =IF($A21="","",IF(COUNTIFS('Promo Calendar'!$A$6:$A$400,$A21,'Promo Calendar'!$I$6:$I$400,">"&TODAY())=0,"None scheduled",_xlfn.MINIFS('Promo Calendar'!$I$6:$I$400,'Promo Calendar'!$A$6:$A$400,$A21,'Promo Calendar'!$I$6:$I$400,">"&TODAY()))) | R21: Ensure shelves are merchandised. Sufficient inventory in backstock. Hawaii SRP $8.99 / TPR $7.99. | T21: HW Hot Sheet 8/25/25 | U21: Confirm for 2026 | W21: =IF($A21="","",COUNTIFS('Visit Log'!$C$6:$C$1005,$A21,'Visit Log'!$A$6:$A$1005,">="&TODAY()-30)) | X21: =IF($A21="","",COUNTIFS('Visit Log'!$C$6:$C$1005,$A21,'Visit Log'!$T$6:$T$1005,"Open")+COUNTIFS('Visit Log'!$C$6:$C$1005,$A21,'Visit Log'!$T$6:$T$1005,"In Progress")) | Y21: =IF($A21="","",IF(COUNTIFS('Visit Log'!$C$6:$C$1005,$A21)=0,"No visits",_xlfn.MAXIFS('Visit Log'!$A$6:$A$1005,'Visit Log'!$C$6:$C$1005,$A21)))
A22: Henry's | Seattle Div. #27 | B22: Henry's | C22: Albertsons/Safeway | D22: Seattle Div. #27 | E22: WA / AK | H22: Root Beer, Orange Cream, Vanilla Cream; Black Cherry Cream select stores | I22: 1 case of each flavor backstock | J22: Shelves merchandised; backstock | L22: SRP $7.99 | M22: 7.99 | N22: 2025: 6/1-9/6, 10/5-1/3 | O22: =IF($A22="","",IF(COUNTIFS('Promo Calendar'!$A$6:$A$400,$A22,'Promo Calendar'!$L$6:$L$400,"Active")=0,"None active",INDEX('Promo Calendar'!$F$6:$F$400,MATCH($A22,'Promo Calendar'!$O$6:$O$400,0))&IF(COUNTIFS('Promo Calendar'!$A$6:$A$400,$A22,'Promo Calendar'!$L$6:$L$400,"Active")>1," (+"&(COUNTIFS('Promo Calendar'!$A$6:$A$400,$A22,'Promo Calendar'!$L$6:$L$400,"Active")-1)&" more)",""))) | P22: =IF($A22="","",IF(COUNTIFS('Promo Calendar'!$A$6:$A$400,$A22,'Promo Calendar'!$L$6:$L$400,"Active",'Promo Calendar'!$G$6:$G$400,">0")>0,_xlfn.MINIFS('Promo Calendar'!$G$6:$G$400,'Promo Calendar'!$A$6:$A$400,$A22,'Promo Calendar'!$L$6:$L$400,"Active",'Promo Calendar'!$G$6:$G$400,">0"),IF(M22="","Not set",M22))) | Q22: =IF($A22="","",IF(COUNTIFS('Promo Calendar'!$A$6:$A$400,$A22,'Promo Calendar'!$I$6:$I$400,">"&TODAY())=0,"None scheduled",_xlfn.MINIFS('Promo Calendar'!$I$6:$I$400,'Promo Calendar'!$A$6:$A$400,$A22,'Promo Calendar'!$I$6:$I$400,">"&TODAY()))) | R22: Ensure shelves are merchandised. Sufficient inventory in backstock. | T22: HW Hot Sheet 8/25/25 | U22: Confirm for 2026 | W22: =IF($A22="","",COUNTIFS('Visit Log'!$C$6:$C$1005,$A22,'Visit Log'!$A$6:$A$1005,">="&TODAY()-30)) | X22: =IF($A22="","",COUNTIFS('Visit Log'!$C$6:$C$1005,$A22,'Visit Log'!$T$6:$T$1005,"Open")+COUNTIFS('Visit Log'!$C$6:$C$1005,$A22,'Visit Log'!$T$6:$T$1005,"In Progress")) | Y22: =IF($A22="","",IF(COUNTIFS('Visit Log'!$C$6:$C$1005,$A22)=0,"No visits",_xlfn.MAXIFS('Visit Log'!$A$6:$A$1005,'Visit Log'!$C$6:$C$1005,$A22)))
A23: Henry's | SoCal Div. #29 | B23: Henry's | C23: Albertsons/Safeway | D23: SoCal Div. #29 | E23: SoCal | H23: Root Beer, Orange Cream, Vanilla Cream; Black Cherry Cream select stores | I23: 1 case of each flavor backstock | J23: Shelves merchandised; backstock | L23: SRP $7.99 | M23: 7.99 | N23: 2025: 6/1-9/6, 10/5-1/3 | O23: =IF($A23="","",IF(COUNTIFS('Promo Calendar'!$A$6:$A$400,$A23,'Promo Calendar'!$L$6:$L$400,"Active")=0,"None active",INDEX('Promo Calendar'!$F$6:$F$400,MATCH($A23,'Promo Calendar'!$O$6:$O$400,0))&IF(COUNTIFS('Promo Calendar'!$A$6:$A$400,$A23,'Promo Calendar'!$L$6:$L$400,"Active")>1," (+"&(COUNTIFS('Promo Calendar'!$A$6:$A$400,$A23,'Promo Calendar'!$L$6:$L$400,"Active")-1)&" more)",""))) | P23: =IF($A23="","",IF(COUNTIFS('Promo Calendar'!$A$6:$A$400,$A23,'Promo Calendar'!$L$6:$L$400,"Active",'Promo Calendar'!$G$6:$G$400,">0")>0,_xlfn.MINIFS('Promo Calendar'!$G$6:$G$400,'Promo Calendar'!$A$6:$A$400,$A23,'Promo Calendar'!$L$6:$L$400,"Active",'Promo Calendar'!$G$6:$G$400,">0"),IF(M23="","Not set",M23))) | Q23: =IF($A23="","",IF(COUNTIFS('Promo Calendar'!$A$6:$A$400,$A23,'Promo Calendar'!$I$6:$I$400,">"&TODAY())=0,"None scheduled",_xlfn.MINIFS('Promo Calendar'!$I$6:$I$400,'Promo Calendar'!$A$6:$A$400,$A23,'Promo Calendar'!$I$6:$I$400,">"&TODAY()))) | R23: Ensure shelves are merchandised. Sufficient inventory in backstock. | T23: HW Hot Sheet 8/25/25 | U23: Confirm for 2026 | W23: =IF($A23="","",COUNTIFS('Visit Log'!$C$6:$C$1005,$A23,'Visit Log'!$A$6:$A$1005,">="&TODAY()-30)) | X23: =IF($A23="","",COUNTIFS('Visit Log'!$C$6:$C$1005,$A23,'Visit Log'!$T$6:$T$1005,"Open")+COUNTIFS('Visit Log'!$C$6:$C$1005,$A23,'Visit Log'!$T$6:$T$1005,"In Progress")) | Y23: =IF($A23="","",IF(COUNTIFS('Visit Log'!$C$6:$C$1005,$A23)=0,"No visits",_xlfn.MAXIFS('Visit Log'!$A$6:$A$1005,'Visit Log'!$C$6:$C$1005,$A23)))
A24: Henry's | Intermountain Div. #30 | B24: Henry's | C24: Albertsons/Safeway | D24: Intermountain Div. #30 | E24: ID / MT / UT / NV | H24: Root Beer, Orange Cream, Vanilla Cream; Black Cherry Cream select stores | I24: 1 case of each flavor backstock | J24: Shelves merchandised; backstock | L24: SRP $7.99 | M24: 7.99 | N24: 2025: 6/1-9/6, 10/5-1/3 | O24: =IF($A24="","",IF(COUNTIFS('Promo Calendar'!$A$6:$A$400,$A24,'Promo Calendar'!$L$6:$L$400,"Active")=0,"None active",INDEX('Promo Calendar'!$F$6:$F$400,MATCH($A24,'Promo Calendar'!$O$6:$O$400,0))&IF(COUNTIFS('Promo Calendar'!$A$6:$A$400,$A24,'Promo Calendar'!$L$6:$L$400,"Active")>1," (+"&(COUNTIFS('Promo Calendar'!$A$6:$A$400,$A24,'Promo Calendar'!$L$6:$L$400,"Active")-1)&" more)",""))) | P24: =IF($A24="","",IF(COUNTIFS('Promo Calendar'!$A$6:$A$400,$A24,'Promo Calendar'!$L$6:$L$400,"Active",'Promo Calendar'!$G$6:$G$400,">0")>0,_xlfn.MINIFS('Promo Calendar'!$G$6:$G$400,'Promo Calendar'!$A$6:$A$400,$A24,'Promo Calendar'!$L$6:$L$400,"Active",'Promo Calendar'!$G$6:$G$400,">0"),IF(M24="","Not set",M24))) | Q24: =IF($A24="","",IF(COUNTIFS('Promo Calendar'!$A$6:$A$400,$A24,'Promo Calendar'!$I$6:$I$400,">"&TODAY())=0,"None scheduled",_xlfn.MINIFS('Promo Calendar'!$I$6:$I$400,'Promo Calendar'!$A$6:$A$400,$A24,'Promo Calendar'!$I$6:$I$400,">"&TODAY()))) | R24: Ensure shelves are merchandised. Sufficient inventory in backstock. Confirm whether this division is now covered by Mountain West North. | T24: HW Hot Sheet 8/25/25 | U24: Confirm for 2026 | W24: =IF($A24="","",COUNTIFS('Visit Log'!$C$6:$C$1005,$A24,'Visit Log'!$A$6:$A$1005,">="&TODAY()-30)) | X24: =IF($A24="","",COUNTIFS('Visit Log'!$C$6:$C$1005,$A24,'Visit Log'!$T$6:$T$1005,"Open")+COUNTIFS('Visit Log'!$C$6:$C$1005,$A24,'Visit Log'!$T$6:$T$1005,"In Progress")) | Y24: =IF($A24="","",IF(COUNTIFS('Visit Log'!$C$6:$C$1005,$A24)=0,"No visits",_xlfn.MAXIFS('Visit Log'!$A$6:$A$1005,'Visit Log'!$C$6:$C$1005,$A24)))
A25: Henry's | Bi-Mart | B25: Henry's | C25: Bi-Mart | D25: Bi-Mart | E25: OR / WA / ID | F25: MU-AK ID OR WA: 52 | G25: 52 | H25: Root Beer, Black Cherry Cream, Orange Cream, Vanilla Cream | I25: 1 case of each flavor backstock | J25: Per store planogram - confirm | L25: SRP $6.49 | M25: 6.49 | N25: 2025: 9/28-1/3 | O25: =IF($A25="","",IF(COUNTIFS('Promo Calendar'!$A$6:$A$400,$A25,'Promo Calendar'!$L$6:$L$400,"Active")=0,"None active",INDEX('Promo Calendar'!$F$6:$F$400,MATCH($A25,'Promo Calendar'!$O$6:$O$400,0))&IF(COUNTIFS('Promo Calendar'!$A$6:$A$400,$A25,'Promo Calendar'!$L$6:$L$400,"Active")>1," (+"&(COUNTIFS('Promo Calendar'!$A$6:$A$400,$A25,'Promo Calendar'!$L$6:$L$400,"Active")-1)&" more)",""))) | P25: =IF($A25="","",IF(COUNTIFS('Promo Calendar'!$A$6:$A$400,$A25,'Promo Calendar'!$L$6:$L$400,"Active",'Promo Calendar'!$G$6:$G$400,">0")>0,_xlfn.MINIFS('Promo Calendar'!$G$6:$G$400,'Promo Calendar'!$A$6:$A$400,$A25,'Promo Calendar'!$L$6:$L$400,"Active",'Promo Calendar'!$G$6:$G$400,">0"),IF(M25="","Not set",M25))) | Q25: =IF($A25="","",IF(COUNTIFS('Promo Calendar'!$A$6:$A$400,$A25,'Promo Calendar'!$I$6:$I$400,">"&TODAY())=0,"None scheduled",_xlfn.MINIFS('Promo Calendar'!$I$6:$I$400,'Promo Calendar'!$A$6:$A$400,$A25,'Promo Calendar'!$I$6:$I$400,">"&TODAY()))) | R25: Summer and fall price promotions accepted. | T25: HW Hot Sheet 8/25/25 | U25: Confirm for 2026 | W25: =IF($A25="","",COUNTIFS('Visit Log'!$C$6:$C$1005,$A25,'Visit Log'!$A$6:$A$1005,">="&TODAY()-30)) | X25: =IF($A25="","",COUNTIFS('Visit Log'!$C$6:$C$1005,$A25,'Visit Log'!$T$6:$T$1005,"Open")+COUNTIFS('Visit Log'!$C$6:$C$1005,$A25,'Visit Log'!$T$6:$T$1005,"In Progress")) | Y25: =IF($A25="","",IF(COUNTIFS('Visit Log'!$C$6:$C$1005,$A25)=0,"No visits",_xlfn.MAXIFS('Visit Log'!$A$6:$A$1005,'Visit Log'!$C$6:$C$1005,$A25)))
A26: Henry's | Bashas' | B26: Henry's | C26: Bashas' | D26: Bashas' | E26: AZ | F26: MU-AZ NM LAS VEGAS: 43 | G26: 43 | H26: Root Beer, Black Cherry Cream, Orange Cream, Vanilla Cream | I26: 1 case of each flavor backstock | J26: Shelf set + displays | L26: SRP $6.49 | M26: 6.49 | N26: 2025: 5/18-9/6, 9/29-1/3 | O26: =IF($A26="","",IF(COUNTIFS('Promo Calendar'!$A$6:$A$400,$A26,'Promo Calendar'!$L$6:$L$400,"Active")=0,"None active",INDEX('Promo Calendar'!$F$6:$F$400,MATCH($A26,'Promo Calendar'!$O$6:$O$400,0))&IF(COUNTIFS('Promo Calendar'!$A$6:$A$400,$A26,'Promo Calendar'!$L$6:$L$400,"Active")>1," (+"&(COUNTIFS('Promo Calendar'!$A$6:$A$400,$A26,'Promo Calendar'!$L$6:$L$400,"Active")-1)&" more)",""))) | P26: =IF($A26="","",IF(COUNTIFS('Promo Calendar'!$A$6:$A$400,$A26,'Promo Calendar'!$L$6:$L$400,"Active",'Promo Calendar'!$G$6:$G$400,">0")>0,_xlfn.MINIFS('Promo Calendar'!$G$6:$G$400,'Promo Calendar'!$A$6:$A$400,$A26,'Promo Calendar'!$L$6:$L$400,"Active",'Promo Calendar'!$G$6:$G$400,">0"),IF(M26="","Not set",M26))) | Q26: =IF($A26="","",IF(COUNTIFS('Promo Calendar'!$A$6:$A$400,$A26,'Promo Calendar'!$I$6:$I$400,">"&TODAY())=0,"None scheduled",_xlfn.MINIFS('Promo Calendar'!$I$6:$I$400,'Promo Calendar'!$A$6:$A$400,$A26,'Promo Calendar'!$I$6:$I$400,">"&TODAY()))) | R26: Priority to close gaps and hit 90%+ re-service rates. Sell in displays at store level to support promotional pricing. | T26: HW Hot Sheet 8/25/25 | U26: Confirm for 2026 | W26: =IF($A26="","",COUNTIFS('Visit Log'!$C$6:$C$1005,$A26,'Visit Log'!$A$6:$A$1005,">="&TODAY()-30)) | X26: =IF($A26="","",COUNTIFS('Visit Log'!$C$6:$C$1005,$A26,'Visit Log'!$T$6:$T$1005,"Open")+COUNTIFS('Visit Log'!$C$6:$C$1005,$A26,'Visit Log'!$T$6:$T$1005,"In Progress")) | Y26: =IF($A26="","",IF(COUNTIFS('Visit Log'!$C$6:$C$1005,$A26)=0,"No visits",_xlfn.MAXIFS('Visit Log'!$A$6:$A$1005,'Visit Log'!$C$6:$C$1005,$A26)))
A27: Henry's | C&K / Ray's Food Place / Shop Smart | B27: Henry's | C27: C&K Market | D27: C&K / Ray's Food Place / Shop Smart | E27: OR / N. CA | F27: MU-AK ID OR WA: 26; MU-CA HI NORTH NV: 13 | G27: 39 | H27: Root Beer, Black Cherry Cream, Orange Cream, Vanilla Cream | I27: 1 case of each flavor backstock | J27: Shelf set + displays | L27: SRP $6.49 | M27: 6.49 | N27: 2025: 10/8-11/4, 11/5-12/2, 12/3-12/30 | O27: =IF($A27="","",IF(COUNTIFS('Promo Calendar'!$A$6:$A$400,$A27,'Promo Calendar'!$L$6:$L$400,"Active")=0,"None active",INDEX('Promo Calendar'!$F$6:$F$400,MATCH($A27,'Promo Calendar'!$O$6:$O$400,0))&IF(COUNTIFS('Promo Calendar'!$A$6:$A$400,$A27,'Promo Calendar'!$L$6:$L$400,"Active")>1," (+"&(COUNTIFS('Promo Calendar'!$A$6:$A$400,$A27,'Promo Calendar'!$L$6:$L$400,"Active")-1)&" more)",""))) | P27: =IF($A27="","",IF(COUNTIFS('Promo Calendar'!$A$6:$A$400,$A27,'Promo Calendar'!$L$6:$L$400,"Active",'Promo Calendar'!$G$6:$G$400,">0")>0,_xlfn.MINIFS('Promo Calendar'!$G$6:$G$400,'Promo Calendar'!$A$6:$A$400,$A27,'Promo Calendar'!$L$6:$L$400,"Active",'Promo Calendar'!$G$6:$G$400,">0"),IF(M27="","Not set",M27))) | Q27: =IF($A27="","",IF(COUNTIFS('Promo Calendar'!$A$6:$A$400,$A27,'Promo Calendar'!$I$6:$I$400,">"&TODAY())=0,"None scheduled",_xlfn.MINIFS('Promo Calendar'!$I$6:$I$400,'Promo Calendar'!$A$6:$A$400,$A27,'Promo Calendar'!$I$6:$I$400,">"&TODAY()))) | R27: Priority to close gaps and hit 90%+ re-service rates. Sell in displays at store level to support promotional pricing. | T27: HW Hot Sheet 8/25/25 | U27: Confirm for 2026 | W27: =IF($A27="","",COUNTIFS('Visit Log'!$C$6:$C$1005,$A27,'Visit Log'!$A$6:$A$1005,">="&TODAY()-30)) | X27: =IF($A27="","",COUNTIFS('Visit Log'!$C$6:$C$1005,$A27,'Visit Log'!$T$6:$T$1005,"Open")+COUNTIFS('Visit Log'!$C$6:$C$1005,$A27,'Visit Log'!$T$6:$T$1005,"In Progress")) | Y27: =IF($A27="","",IF(COUNTIFS('Visit Log'!$C$6:$C$1005,$A27)=0,"No visits",_xlfn.MAXIFS('Visit Log'!$A$6:$A$1005,'Visit Log'!$C$6:$C$1005,$A27)))
A28: Henry's | Fred Meyer (Div. 701) | B28: Henry's | C28: Kroger | D28: Fred Meyer (Div. 701) | E28: PNW | F28: Fred Meyer: 95 | G28: 95 | H28: Root Beer, Black Cherry Cream, Orange Cream, Vanilla Cream | I28: 1 case of each flavor backstock | J28: Per store planogram - confirm | L28: SRP $7.99 | M28: 7.99 | N28: 2025: 10/15-1/3 | O28: =IF($A28="","",IF(COUNTIFS('Promo Calendar'!$A$6:$A$400,$A28,'Promo Calendar'!$L$6:$L$400,"Active")=0,"None active",INDEX('Promo Calendar'!$F$6:$F$400,MATCH($A28,'Promo Calendar'!$O$6:$O$400,0))&IF(COUNTIFS('Promo Calendar'!$A$6:$A$400,$A28,'Promo Calendar'!$L$6:$L$400,"Active")>1," (+"&(COUNTIFS('Promo Calendar'!$A$6:$A$400,$A28,'Promo Calendar'!$L$6:$L$400,"Active")-1)&" more)",""))) | P28: =IF($A28="","",IF(COUNTIFS('Promo Calendar'!$A$6:$A$400,$A28,'Promo Calendar'!$L$6:$L$400,"Active",'Promo Calendar'!$G$6:$G$400,">0")>0,_xlfn.MINIFS('Promo Calendar'!$G$6:$G$400,'Promo Calendar'!$A$6:$A$400,$A28,'Promo Calendar'!$L$6:$L$400,"Active",'Promo Calendar'!$G$6:$G$400,">0"),IF(M28="","Not set",M28))) | Q28: =IF($A28="","",IF(COUNTIFS('Promo Calendar'!$A$6:$A$400,$A28,'Promo Calendar'!$I$6:$I$400,">"&TODAY())=0,"None scheduled",_xlfn.MINIFS('Promo Calendar'!$I$6:$I$400,'Promo Calendar'!$A$6:$A$400,$A28,'Promo Calendar'!$I$6:$I$400,">"&TODAY()))) | R28: Kroger Mega Buy 5 Save $5 ($1 off each when buying 5 participating items), 2025 timing P5W4-P6W2. | T28: HW Hot Sheet 8/25/25 | U28: Confirm for 2026 | W28: =IF($A28="","",COUNTIFS('Visit Log'!$C$6:$C$1005,$A28,'Visit Log'!$A$6:$A$1005,">="&TODAY()-30)) | X28: =IF($A28="","",COUNTIFS('Visit Log'!$C$6:$C$1005,$A28,'Visit Log'!$T$6:$T$1005,"Open")+COUNTIFS('Visit Log'!$C$6:$C$1005,$A28,'Visit Log'!$T$6:$T$1005,"In Progress")) | Y28: =IF($A28="","",IF(COUNTIFS('Visit Log'!$C$6:$C$1005,$A28)=0,"No visits",_xlfn.MAXIFS('Visit Log'!$A$6:$A$1005,'Visit Log'!$C$6:$C$1005,$A28)))
A29: Henry's | Fry's (Div. 660) | B29: Henry's | C29: Kroger | D29: Fry's (Div. 660) | E29: AZ | F29: Fry's: 126 | G29: 126 | H29: Root Beer, Black Cherry Cream, Orange Cream, Vanilla Cream | I29: 1 case of each flavor backstock | J29: Per store planogram - confirm | L29: SRP $7.99 | M29: 7.99 | N29: 2025: 10/15-1/3 | O29: =IF($A29="","",IF(COUNTIFS('Promo Calendar'!$A$6:$A$400,$A29,'Promo Calendar'!$L$6:$L$400,"Active")=0,"None active",INDEX('Promo Calendar'!$F$6:$F$400,MATCH($A29,'Promo Calendar'!$O$6:$O$400,0))&IF(COUNTIFS('Promo Calendar'!$A$6:$A$400,$A29,'Promo Calendar'!$L$6:$L$400,"Active")>1," (+"&(COUNTIFS('Promo Calendar'!$A$6:$A$400,$A29,'Promo Calendar'!$L$6:$L$400,"Active")-1)&" more)",""))) | P29: =IF($A29="","",IF(COUNTIFS('Promo Calendar'!$A$6:$A$400,$A29,'Promo Calendar'!$L$6:$L$400,"Active",'Promo Calendar'!$G$6:$G$400,">0")>0,_xlfn.MINIFS('Promo Calendar'!$G$6:$G$400,'Promo Calendar'!$A$6:$A$400,$A29,'Promo Calendar'!$L$6:$L$400,"Active",'Promo Calendar'!$G$6:$G$400,">0"),IF(M29="","Not set",M29))) | Q29: =IF($A29="","",IF(COUNTIFS('Promo Calendar'!$A$6:$A$400,$A29,'Promo Calendar'!$I$6:$I$400,">"&TODAY())=0,"None scheduled",_xlfn.MINIFS('Promo Calendar'!$I$6:$I$400,'Promo Calendar'!$A$6:$A$400,$A29,'Promo Calendar'!$I$6:$I$400,">"&TODAY()))) | R29: Kroger Mega Buy 5 Save $5, 2025 timing P5W4-P6W2. | T29: HW Hot Sheet 8/25/25 | U29: Confirm for 2026 | W29: =IF($A29="","",COUNTIFS('Visit Log'!$C$6:$C$1005,$A29,'Visit Log'!$A$6:$A$1005,">="&TODAY()-30)) | X29: =IF($A29="","",COUNTIFS('Visit Log'!$C$6:$C$1005,$A29,'Visit Log'!$T$6:$T$1005,"Open")+COUNTIFS('Visit Log'!$C$6:$C$1005,$A29,'Visit Log'!$T$6:$T$1005,"In Progress")) | Y29: =IF($A29="","",IF(COUNTIFS('Visit Log'!$C$6:$C$1005,$A29)=0,"No visits",_xlfn.MAXIFS('Visit Log'!$A$6:$A$1005,'Visit Log'!$C$6:$C$1005,$A29)))
A30: Henry's | QFC (Div. 705) | B30: Henry's | C30: Kroger | D30: QFC (Div. 705) | E30: W. WA / OR | F30: QFC: 58 | G30: 58 | H30: Root Beer, Black Cherry Cream, Orange Cream, Vanilla Cream | I30: 1 case of each flavor backstock | J30: Per store planogram - confirm | L30: SRP $7.99 | M30: 7.99 | N30: 2025: 10/15-1/3 | O30: =IF($A30="","",IF(COUNTIFS('Promo Calendar'!$A$6:$A$400,$A30,'Promo Calendar'!$L$6:$L$400,"Active")=0,"None active",INDEX('Promo Calendar'!$F$6:$F$400,MATCH($A30,'Promo Calendar'!$O$6:$O$400,0))&IF(COUNTIFS('Promo Calendar'!$A$6:$A$400,$A30,'Promo Calendar'!$L$6:$L$400,"Active")>1," (+"&(COUNTIFS('Promo Calendar'!$A$6:$A$400,$A30,'Promo Calendar'!$L$6:$L$400,"Active")-1)&" more)",""))) | P30: =IF($A30="","",IF(COUNTIFS('Promo Calendar'!$A$6:$A$400,$A30,'Promo Calendar'!$L$6:$L$400,"Active",'Promo Calendar'!$G$6:$G$400,">0")>0,_xlfn.MINIFS('Promo Calendar'!$G$6:$G$400,'Promo Calendar'!$A$6:$A$400,$A30,'Promo Calendar'!$L$6:$L$400,"Active",'Promo Calendar'!$G$6:$G$400,">0"),IF(M30="","Not set",M30))) | Q30: =IF($A30="","",IF(COUNTIFS('Promo Calendar'!$A$6:$A$400,$A30,'Promo Calendar'!$I$6:$I$400,">"&TODAY())=0,"None scheduled",_xlfn.MINIFS('Promo Calendar'!$I$6:$I$400,'Promo Calendar'!$A$6:$A$400,$A30,'Promo Calendar'!$I$6:$I$400,">"&TODAY()))) | R30: Kroger Mega Buy 5 Save $5, 2025 timing P5W4-P6W2. | T30: HW Hot Sheet 8/25/25 | U30: Confirm for 2026 | W30: =IF($A30="","",COUNTIFS('Visit Log'!$C$6:$C$1005,$A30,'Visit Log'!$A$6:$A$1005,">="&TODAY()-30)) | X30: =IF($A30="","",COUNTIFS('Visit Log'!$C$6:$C$1005,$A30,'Visit Log'!$T$6:$T$1005,"Open")+COUNTIFS('Visit Log'!$C$6:$C$1005,$A30,'Visit Log'!$T$6:$T$1005,"In Progress")) | Y30: =IF($A30="","",IF(COUNTIFS('Visit Log'!$C$6:$C$1005,$A30)=0,"No visits",_xlfn.MAXIFS('Visit Log'!$A$6:$A$1005,'Visit Log'!$C$6:$C$1005,$A30)))
A31: Henry's | Ralphs SoCal (Div. 703) | B31: Henry's | C31: Kroger | D31: Ralphs SoCal (Div. 703) | E31: SoCal | F31: Ralphs: 153 | G31: 153 | H31: Root Beer, Black Cherry Cream, Orange Cream, Vanilla Cream | I31: 1 case of each flavor backstock | J31: Per store planogram - confirm | L31: SRP $7.99 | M31: 7.99 | N31: 2025: 10/15-1/3 | O31: =IF($A31="","",IF(COUNTIFS('Promo Calendar'!$A$6:$A$400,$A31,'Promo Calendar'!$L$6:$L$400,"Active")=0,"None active",INDEX('Promo Calendar'!$F$6:$F$400,MATCH($A31,'Promo Calendar'!$O$6:$O$400,0))&IF(COUNTIFS('Promo Calendar'!$A$6:$A$400,$A31,'Promo Calendar'!$L$6:$L$400,"Active")>1," (+"&(COUNTIFS('Promo Calendar'!$A$6:$A$400,$A31,'Promo Calendar'!$L$6:$L$400,"Active")-1)&" more)",""))) | P31: =IF($A31="","",IF(COUNTIFS('Promo Calendar'!$A$6:$A$400,$A31,'Promo Calendar'!$L$6:$L$400,"Active",'Promo Calendar'!$G$6:$G$400,">0")>0,_xlfn.MINIFS('Promo Calendar'!$G$6:$G$400,'Promo Calendar'!$A$6:$A$400,$A31,'Promo Calendar'!$L$6:$L$400,"Active",'Promo Calendar'!$G$6:$G$400,">0"),IF(M31="","Not set",M31))) | Q31: =IF($A31="","",IF(COUNTIFS('Promo Calendar'!$A$6:$A$400,$A31,'Promo Calendar'!$I$6:$I$400,">"&TODAY())=0,"None scheduled",_xlfn.MINIFS('Promo Calendar'!$I$6:$I$400,'Promo Calendar'!$A$6:$A$400,$A31,'Promo Calendar'!$I$6:$I$400,">"&TODAY()))) | R31: Kroger Mega Buy 5 Save $5, 2025 timing P5W4-P6W2. | T31: HW Hot Sheet 8/25/25 | U31: Confirm for 2026 | W31: =IF($A31="","",COUNTIFS('Visit Log'!$C$6:$C$1005,$A31,'Visit Log'!$A$6:$A$1005,">="&TODAY()-30)) | X31: =IF($A31="","",COUNTIFS('Visit Log'!$C$6:$C$1005,$A31,'Visit Log'!$T$6:$T$1005,"Open")+COUNTIFS('Visit Log'!$C$6:$C$1005,$A31,'Visit Log'!$T$6:$T$1005,"In Progress")) | Y31: =IF($A31="","",IF(COUNTIFS('Visit Log'!$C$6:$C$1005,$A31)=0,"No visits",_xlfn.MAXIFS('Visit Log'!$A$6:$A$1005,'Visit Log'!$C$6:$C$1005,$A31)))
A32: Henry's | Smith's | B32: Henry's | C32: Kroger | D32: Smith's | E32: UT / NV | F32: Smith's: 67 | G32: 67 | H32: Root Beer, Black Cherry Cream, Orange Cream, Vanilla Cream | I32: 1 case of each flavor backstock | J32: Per store planogram - confirm | L32: SRP $7.99 | M32: 7.99 | N32: 2025: 10/15-1/3 | O32: =IF($A32="","",IF(COUNTIFS('Promo Calendar'!$A$6:$A$400,$A32,'Promo Calendar'!$L$6:$L$400,"Active")=0,"None active",INDEX('Promo Calendar'!$F$6:$F$400,MATCH($A32,'Promo Calendar'!$O$6:$O$400,0))&IF(COUNTIFS('Promo Calendar'!$A$6:$A$400,$A32,'Promo Calendar'!$L$6:$L$400,"Active")>1," (+"&(COUNTIFS('Promo Calendar'!$A$6:$A$400,$A32,'Promo Calendar'!$L$6:$L$400,"Active")-1)&" more)",""))) | P32: =IF($A32="","",IF(COUNTIFS('Promo Calendar'!$A$6:$A$400,$A32,'Promo Calendar'!$L$6:$L$400,"Active",'Promo Calendar'!$G$6:$G$400,">0")>0,_xlfn.MINIFS('Promo Calendar'!$G$6:$G$400,'Promo Calendar'!$A$6:$A$400,$A32,'Promo Calendar'!$L$6:$L$400,"Active",'Promo Calendar'!$G$6:$G$400,">0"),IF(M32="","Not set",M32))) | Q32: =IF($A32="","",IF(COUNTIFS('Promo Calendar'!$A$6:$A$400,$A32,'Promo Calendar'!$I$6:$I$400,">"&TODAY())=0,"None scheduled",_xlfn.MINIFS('Promo Calendar'!$I$6:$I$400,'Promo Calendar'!$A$6:$A$400,$A32,'Promo Calendar'!$I$6:$I$400,">"&TODAY()))) | R32: Kroger Mega Buy 5 Save $5, 2025 timing P5W4-P6W2. King Soopers also listed as a division (no outlet count). | T32: HW Hot Sheet 8/25/25 | U32: Confirm for 2026 | W32: =IF($A32="","",COUNTIFS('Visit Log'!$C$6:$C$1005,$A32,'Visit Log'!$A$6:$A$1005,">="&TODAY()-30)) | X32: =IF($A32="","",COUNTIFS('Visit Log'!$C$6:$C$1005,$A32,'Visit Log'!$T$6:$T$1005,"Open")+COUNTIFS('Visit Log'!$C$6:$C$1005,$A32,'Visit Log'!$T$6:$T$1005,"In Progress")) | Y32: =IF($A32="","",IF(COUNTIFS('Visit Log'!$C$6:$C$1005,$A32)=0,"No visits",_xlfn.MAXIFS('Visit Log'!$A$6:$A$1005,'Visit Log'!$C$6:$C$1005,$A32)))
A33: Henry's | Nugget Markets | B33: Henry's | C33: Nugget Markets | D33: Nugget Markets | E33: NorCal | F33: MU-CA HI NORTH NV: 15 | G33: 15 | H33: Root Beer, Black Cherry Cream, Orange Cream, Vanilla Cream | I33: 1 case of each flavor backstock | J33: Shelf set + displays | L33: SRP $6.49 | M33: 6.49 | N33: 2025: 9/29-1/3 | O33: =IF($A33="","",IF(COUNTIFS('Promo Calendar'!$A$6:$A$400,$A33,'Promo Calendar'!$L$6:$L$400,"Active")=0,"None active",INDEX('Promo Calendar'!$F$6:$F$400,MATCH($A33,'Promo Calendar'!$O$6:$O$400,0))&IF(COUNTIFS('Promo Calendar'!$A$6:$A$400,$A33,'Promo Calendar'!$L$6:$L$400,"Active")>1," (+"&(COUNTIFS('Promo Calendar'!$A$6:$A$400,$A33,'Promo Calendar'!$L$6:$L$400,"Active")-1)&" more)",""))) | P33: =IF($A33="","",IF(COUNTIFS('Promo Calendar'!$A$6:$A$400,$A33,'Promo Calendar'!$L$6:$L$400,"Active",'Promo Calendar'!$G$6:$G$400,">0")>0,_xlfn.MINIFS('Promo Calendar'!$G$6:$G$400,'Promo Calendar'!$A$6:$A$400,$A33,'Promo Calendar'!$L$6:$L$400,"Active",'Promo Calendar'!$G$6:$G$400,">0"),IF(M33="","Not set",M33))) | Q33: =IF($A33="","",IF(COUNTIFS('Promo Calendar'!$A$6:$A$400,$A33,'Promo Calendar'!$I$6:$I$400,">"&TODAY())=0,"None scheduled",_xlfn.MINIFS('Promo Calendar'!$I$6:$I$400,'Promo Calendar'!$A$6:$A$400,$A33,'Promo Calendar'!$I$6:$I$400,">"&TODAY()))) | R33: Priority to close gaps and hit 90%+ re-service rates. Sell in displays at store level to support promotional pricing. | T33: HW Hot Sheet 8/25/25 | U33: Confirm for 2026 | W33: =IF($A33="","",COUNTIFS('Visit Log'!$C$6:$C$1005,$A33,'Visit Log'!$A$6:$A$1005,">="&TODAY()-30)) | X33: =IF($A33="","",COUNTIFS('Visit Log'!$C$6:$C$1005,$A33,'Visit Log'!$T$6:$T$1005,"Open")+COUNTIFS('Visit Log'!$C$6:$C$1005,$A33,'Visit Log'!$T$6:$T$1005,"In Progress")) | Y33: =IF($A33="","",IF(COUNTIFS('Visit Log'!$C$6:$C$1005,$A33)=0,"No visits",_xlfn.MAXIFS('Visit Log'!$A$6:$A$1005,'Visit Log'!$C$6:$C$1005,$A33)))
A34: Henry's | Stater Bros. | B34: Henry's | C34: Stater Bros. | D34: Stater Bros. | E34: SoCal | F34: MU-CA HI NORTH NV: 163 | G34: 163 | H34: Root Beer, Black Cherry Cream, Orange Cream, Vanilla Cream (54 stores carry 3 - no Orange Cream) | I34: 1 case of each flavor backstock | J34: Shelf set + displays for promo and key holidays | L34: SRP $6.99 | M34: 6.99 | N34: 2025: 9/29-1/3 | O34: =IF($A34="","",IF(COUNTIFS('Promo Calendar'!$A$6:$A$400,$A34,'Promo Calendar'!$L$6:$L$400,"Active")=0,"None active",INDEX('Promo Calendar'!$F$6:$F$400,MATCH($A34,'Promo Calendar'!$O$6:$O$400,0))&IF(COUNTIFS('Promo Calendar'!$A$6:$A$400,$A34,'Promo Calendar'!$L$6:$L$400,"Active")>1," (+"&(COUNTIFS('Promo Calendar'!$A$6:$A$400,$A34,'Promo Calendar'!$L$6:$L$400,"Active")-1)&" more)",""))) | P34: =IF($A34="","",IF(COUNTIFS('Promo Calendar'!$A$6:$A$400,$A34,'Promo Calendar'!$L$6:$L$400,"Active",'Promo Calendar'!$G$6:$G$400,">0")>0,_xlfn.MINIFS('Promo Calendar'!$G$6:$G$400,'Promo Calendar'!$A$6:$A$400,$A34,'Promo Calendar'!$L$6:$L$400,"Active",'Promo Calendar'!$G$6:$G$400,">0"),IF(M34="","Not set",M34))) | Q34: =IF($A34="","",IF(COUNTIFS('Promo Calendar'!$A$6:$A$400,$A34,'Promo Calendar'!$I$6:$I$400,">"&TODAY())=0,"None scheduled",_xlfn.MINIFS('Promo Calendar'!$I$6:$I$400,'Promo Calendar'!$A$6:$A$400,$A34,'Promo Calendar'!$I$6:$I$400,">"&TODAY()))) | R34: Priority to close gaps and hit 90%+ re-service rates. Sell in displays at store level to support promotional pricing. Close Orange Cream gap in 54 stores. | T34: HW Hot Sheet 8/25/25 | U34: Confirm for 2026 | W34: =IF($A34="","",COUNTIFS('Visit Log'!$C$6:$C$1005,$A34,'Visit Log'!$A$6:$A$1005,">="&TODAY()-30)) | X34: =IF($A34="","",COUNTIFS('Visit Log'!$C$6:$C$1005,$A34,'Visit Log'!$T$6:$T$1005,"Open")+COUNTIFS('Visit Log'!$C$6:$C$1005,$A34,'Visit Log'!$T$6:$T$1005,"In Progress")) | Y34: =IF($A34="","",IF(COUNTIFS('Visit Log'!$C$6:$C$1005,$A34)=0,"No visits",_xlfn.MAXIFS('Visit Log'!$A$6:$A$1005,'Visit Log'!$C$6:$C$1005,$A34)))
A35: Henry's | Plaid Pantry | B35: Henry's | C35: Plaid Pantry | D35: Plaid Pantry | E35: OR / WA | F35: MU-AK ID OR WA: 74 | G35: 74 | H35: Root Beer, Black Cherry Cream, Orange Cream, Vanilla Cream (singles) | I35: 1 case of each flavor backstock | J35: Cold vault / single-serve set - confirm | L35: SRP $1.50 single | M35: 1.5 | N35: 2025: 10/5-11/1, 11/2-11/29, 11/30-1/3 | O35: =IF($A35="","",IF(COUNTIFS('Promo Calendar'!$A$6:$A$400,$A35,'Promo Calendar'!$L$6:$L$400,"Active")=0,"None active",INDEX('Promo Calendar'!$F$6:$F$400,MATCH($A35,'Promo Calendar'!$O$6:$O$400,0))&IF(COUNTIFS('Promo Calendar'!$A$6:$A$400,$A35,'Promo Calendar'!$L$6:$L$400,"Active")>1," (+"&(COUNTIFS('Promo Calendar'!$A$6:$A$400,$A35,'Promo Calendar'!$L$6:$L$400,"Active")-1)&" more)",""))) | P35: =IF($A35="","",IF(COUNTIFS('Promo Calendar'!$A$6:$A$400,$A35,'Promo Calendar'!$L$6:$L$400,"Active",'Promo Calendar'!$G$6:$G$400,">0")>0,_xlfn.MINIFS('Promo Calendar'!$G$6:$G$400,'Promo Calendar'!$A$6:$A$400,$A35,'Promo Calendar'!$L$6:$L$400,"Active",'Promo Calendar'!$G$6:$G$400,">0"),IF(M35="","Not set",M35))) | Q35: =IF($A35="","",IF(COUNTIFS('Promo Calendar'!$A$6:$A$400,$A35,'Promo Calendar'!$I$6:$I$400,">"&TODAY())=0,"None scheduled",_xlfn.MINIFS('Promo Calendar'!$I$6:$I$400,'Promo Calendar'!$A$6:$A$400,$A35,'Promo Calendar'!$I$6:$I$400,">"&TODAY()))) | R35: Priority to close gaps and hit 90%+ re-service rates. | T35: HW Hot Sheet 8/25/25 | U35: Confirm for 2026 | W35: =IF($A35="","",COUNTIFS('Visit Log'!$C$6:$C$1005,$A35,'Visit Log'!$A$6:$A$1005,">="&TODAY()-30)) | X35: =IF($A35="","",COUNTIFS('Visit Log'!$C$6:$C$1005,$A35,'Visit Log'!$T$6:$T$1005,"Open")+COUNTIFS('Visit Log'!$C$6:$C$1005,$A35,'Visit Log'!$T$6:$T$1005,"In Progress")) | Y35: =IF($A35="","",IF(COUNTIFS('Visit Log'!$C$6:$C$1005,$A35)=0,"No visits",_xlfn.MAXIFS('Visit Log'!$A$6:$A$1005,'Visit Log'!$C$6:$C$1005,$A35)))
A36: Henry's | Metropolitan Market | B36: Henry's | C36: Metropolitan Market | D36: Metropolitan Market | E36: Seattle / Tacoma | F36: MU-AK ID OR WA: 10 | G36: 10 | H36: Root Beer, Orange Cream, Vanilla Cream (no Black Cherry Cream) | I36: 1 case of each flavor backstock | J36: Per store planogram - confirm | L36: SRP $6.49 | M36: 6.49 | N36: 2025: 9/28-1/3 | O36: =IF($A36="","",IF(COUNTIFS('Promo Calendar'!$A$6:$A$400,$A36,'Promo Calendar'!$L$6:$L$400,"Active")=0,"None active",INDEX('Promo Calendar'!$F$6:$F$400,MATCH($A36,'Promo Calendar'!$O$6:$O$400,0))&IF(COUNTIFS('Promo Calendar'!$A$6:$A$400,$A36,'Promo Calendar'!$L$6:$L$400,"Active")>1," (+"&(COUNTIFS('Promo Calendar'!$A$6:$A$400,$A36,'Promo Calendar'!$L$6:$L$400,"Active")-1)&" more)",""))) | P36: =IF($A36="","",IF(COUNTIFS('Promo Calendar'!$A$6:$A$400,$A36,'Promo Calendar'!$L$6:$L$400,"Active",'Promo Calendar'!$G$6:$G$400,">0")>0,_xlfn.MINIFS('Promo Calendar'!$G$6:$G$400,'Promo Calendar'!$A$6:$A$400,$A36,'Promo Calendar'!$L$6:$L$400,"Active",'Promo Calendar'!$G$6:$G$400,">0"),IF(M36="","Not set",M36))) | Q36: =IF($A36="","",IF(COUNTIFS('Promo Calendar'!$A$6:$A$400,$A36,'Promo Calendar'!$I$6:$I$400,">"&TODAY())=0,"None scheduled",_xlfn.MINIFS('Promo Calendar'!$I$6:$I$400,'Promo Calendar'!$A$6:$A$400,$A36,'Promo Calendar'!$I$6:$I$400,">"&TODAY()))) | R36: Account lead: Chris Armstrong. | S36: Chris Armstrong | T36: HW Hot Sheet 8/25/25 | U36: Confirm for 2026 | W36: =IF($A36="","",COUNTIFS('Visit Log'!$C$6:$C$1005,$A36,'Visit Log'!$A$6:$A$1005,">="&TODAY()-30)) | X36: =IF($A36="","",COUNTIFS('Visit Log'!$C$6:$C$1005,$A36,'Visit Log'!$T$6:$T$1005,"Open")+COUNTIFS('Visit Log'!$C$6:$C$1005,$A36,'Visit Log'!$T$6:$T$1005,"In Progress")) | Y36: =IF($A36="","",IF(COUNTIFS('Visit Log'!$C$6:$C$1005,$A36)=0,"No visits",_xlfn.MAXIFS('Visit Log'!$A$6:$A$1005,'Visit Log'!$C$6:$C$1005,$A36)))
A37: Henry's | Northwest Grocers (NWG) | B37: Henry's | C37: Northwest Grocers (NWG) | D37: Northwest Grocers (NWG) | E37: PNW | F37: MU-AK ID OR WA: (count blank) | H37: Root Beer, Black Cherry Cream, Orange Cream, Vanilla Cream | I37: 1 case of each flavor backstock | J37: Per store planogram - confirm | L37: SRP $7.99 | M37: 7.99 | N37: 2025: 9/29-1/3 | O37: =IF($A37="","",IF(COUNTIFS('Promo Calendar'!$A$6:$A$400,$A37,'Promo Calendar'!$L$6:$L$400,"Active")=0,"None active",INDEX('Promo Calendar'!$F$6:$F$400,MATCH($A37,'Promo Calendar'!$O$6:$O$400,0))&IF(COUNTIFS('Promo Calendar'!$A$6:$A$400,$A37,'Promo Calendar'!$L$6:$L$400,"Active")>1," (+"&(COUNTIFS('Promo Calendar'!$A$6:$A$400,$A37,'Promo Calendar'!$L$6:$L$400,"Active")-1)&" more)",""))) | P37: =IF($A37="","",IF(COUNTIFS('Promo Calendar'!$A$6:$A$400,$A37,'Promo Calendar'!$L$6:$L$400,"Active",'Promo Calendar'!$G$6:$G$400,">0")>0,_xlfn.MINIFS('Promo Calendar'!$G$6:$G$400,'Promo Calendar'!$A$6:$A$400,$A37,'Promo Calendar'!$L$6:$L$400,"Active",'Promo Calendar'!$G$6:$G$400,">0"),IF(M37="","Not set",M37))) | Q37: =IF($A37="","",IF(COUNTIFS('Promo Calendar'!$A$6:$A$400,$A37,'Promo Calendar'!$I$6:$I$400,">"&TODAY())=0,"None scheduled",_xlfn.MINIFS('Promo Calendar'!$I$6:$I$400,'Promo Calendar'!$A$6:$A$400,$A37,'Promo Calendar'!$I$6:$I$400,">"&TODAY()))) | R37: Account lead: Chris Armstrong. Outlet count missing. | S37: Chris Armstrong | T37: HW Hot Sheet 8/25/25 | U37: Confirm for 2026 | W37: =IF($A37="","",COUNTIFS('Visit Log'!$C$6:$C$1005,$A37,'Visit Log'!$A$6:$A$1005,">="&TODAY()-30)) | X37: =IF($A37="","",COUNTIFS('Visit Log'!$C$6:$C$1005,$A37,'Visit Log'!$T$6:$T$1005,"Open")+COUNTIFS('Visit Log'!$C$6:$C$1005,$A37,'Visit Log'!$T$6:$T$1005,"In Progress")) | Y37: =IF($A37="","",IF(COUNTIFS('Visit Log'!$C$6:$C$1005,$A37)=0,"No visits",_xlfn.MAXIFS('Visit Log'!$A$6:$A$1005,'Visit Log'!$C$6:$C$1005,$A37)))
A38: Henry's | Town & Country Markets | B38: Henry's | C38: Town & Country Markets | D38: Town & Country Markets | E38: Puget Sound | F38: MU-AK ID OR WA: 6 | G38: 6 | H38: Root Beer, Black Cherry Cream, Orange Cream, Vanilla Cream | I38: 1 case of each flavor backstock | J38: Per store planogram - confirm | L38: SRP $6.49 | M38: 6.49 | N38: 2025: 9/28-1/3 | O38: =IF($A38="","",IF(COUNTIFS('Promo Calendar'!$A$6:$A$400,$A38,'Promo Calendar'!$L$6:$L$400,"Active")=0,"None active",INDEX('Promo Calendar'!$F$6:$F$400,MATCH($A38,'Promo Calendar'!$O$6:$O$400,0))&IF(COUNTIFS('Promo Calendar'!$A$6:$A$400,$A38,'Promo Calendar'!$L$6:$L$400,"Active")>1," (+"&(COUNTIFS('Promo Calendar'!$A$6:$A$400,$A38,'Promo Calendar'!$L$6:$L$400,"Active")-1)&" more)",""))) | P38: =IF($A38="","",IF(COUNTIFS('Promo Calendar'!$A$6:$A$400,$A38,'Promo Calendar'!$L$6:$L$400,"Active",'Promo Calendar'!$G$6:$G$400,">0")>0,_xlfn.MINIFS('Promo Calendar'!$G$6:$G$400,'Promo Calendar'!$A$6:$A$400,$A38,'Promo Calendar'!$L$6:$L$400,"Active",'Promo Calendar'!$G$6:$G$400,">0"),IF(M38="","Not set",M38))) | Q38: =IF($A38="","",IF(COUNTIFS('Promo Calendar'!$A$6:$A$400,$A38,'Promo Calendar'!$I$6:$I$400,">"&TODAY())=0,"None scheduled",_xlfn.MINIFS('Promo Calendar'!$I$6:$I$400,'Promo Calendar'!$A$6:$A$400,$A38,'Promo Calendar'!$I$6:$I$400,">"&TODAY()))) | R38: Account lead: Chris Armstrong. | S38: Chris Armstrong | T38: HW Hot Sheet 8/25/25 | U38: Confirm for 2026 | W38: =IF($A38="","",COUNTIFS('Visit Log'!$C$6:$C$1005,$A38,'Visit Log'!$A$6:$A$1005,">="&TODAY()-30)) | X38: =IF($A38="","",COUNTIFS('Visit Log'!$C$6:$C$1005,$A38,'Visit Log'!$T$6:$T$1005,"Open")+COUNTIFS('Visit Log'!$C$6:$C$1005,$A38,'Visit Log'!$T$6:$T$1005,"In Progress")) | Y38: =IF($A38="","",IF(COUNTIFS('Visit Log'!$C$6:$C$1005,$A38)=0,"No visits",_xlfn.MAXIFS('Visit Log'!$A$6:$A$1005,'Visit Log'!$C$6:$C$1005,$A38)))
A39: Henry's | Harvest Foods | B39: Henry's | C39: Harvest Foods | D39: Harvest Foods | E39: ID / WA / OR | F39: MU-AK ID OR WA: 22 | G39: 22 | H39: Root Beer, Black Cherry Cream, Orange Cream, Vanilla Cream | I39: 1 case of each flavor backstock | J39: Shelf set + displays | L39: SRP $6.49 | M39: 6.49 | N39: 2025: 11/29-1/3 | O39: =IF($A39="","",IF(COUNTIFS('Promo Calendar'!$A$6:$A$400,$A39,'Promo Calendar'!$L$6:$L$400,"Active")=0,"None active",INDEX('Promo Calendar'!$F$6:$F$400,MATCH($A39,'Promo Calendar'!$O$6:$O$400,0))&IF(COUNTIFS('Promo Calendar'!$A$6:$A$400,$A39,'Promo Calendar'!$L$6:$L$400,"Active")>1," (+"&(COUNTIFS('Promo Calendar'!$A$6:$A$400,$A39,'Promo Calendar'!$L$6:$L$400,"Active")-1)&" more)",""))) | P39: =IF($A39="","",IF(COUNTIFS('Promo Calendar'!$A$6:$A$400,$A39,'Promo Calendar'!$L$6:$L$400,"Active",'Promo Calendar'!$G$6:$G$400,">0")>0,_xlfn.MINIFS('Promo Calendar'!$G$6:$G$400,'Promo Calendar'!$A$6:$A$400,$A39,'Promo Calendar'!$L$6:$L$400,"Active",'Promo Calendar'!$G$6:$G$400,">0"),IF(M39="","Not set",M39))) | Q39: =IF($A39="","",IF(COUNTIFS('Promo Calendar'!$A$6:$A$400,$A39,'Promo Calendar'!$I$6:$I$400,">"&TODAY())=0,"None scheduled",_xlfn.MINIFS('Promo Calendar'!$I$6:$I$400,'Promo Calendar'!$A$6:$A$400,$A39,'Promo Calendar'!$I$6:$I$400,">"&TODAY()))) | R39: Henry's continued in the July and August savings guides (2025). Sell in displays at store level to support promotional pricing. | T39: HW Hot Sheet 8/25/25 | U39: Confirm for 2026 | W39: =IF($A39="","",COUNTIFS('Visit Log'!$C$6:$C$1005,$A39,'Visit Log'!$A$6:$A$1005,">="&TODAY()-30)) | X39: =IF($A39="","",COUNTIFS('Visit Log'!$C$6:$C$1005,$A39,'Visit Log'!$T$6:$T$1005,"Open")+COUNTIFS('Visit Log'!$C$6:$C$1005,$A39,'Visit Log'!$T$6:$T$1005,"In Progress")) | Y39: =IF($A39="","",IF(COUNTIFS('Visit Log'!$C$6:$C$1005,$A39)=0,"No visits",_xlfn.MAXIFS('Visit Log'!$A$6:$A$1005,'Visit Log'!$C$6:$C$1005,$A39)))
A40: Henry's | Ridley's Family Markets | B40: Henry's | C40: Ridley's Family Markets | D40: Ridley's Family Markets | E40: ID / UT / WY / NV | F40: MU-AK ID OR WA: 13; MU-CA HI NORTH NV: 4 | G40: 17 | H40: Root Beer, Black Cherry Cream, Orange Cream, Vanilla Cream | I40: 1 case of each flavor backstock | J40: Shelf set + displays | L40: SRP $6.49 | M40: 6.49 | N40: 2025: 11/30-1/3 | O40: =IF($A40="","",IF(COUNTIFS('Promo Calendar'!$A$6:$A$400,$A40,'Promo Calendar'!$L$6:$L$400,"Active")=0,"None active",INDEX('Promo Calendar'!$F$6:$F$400,MATCH($A40,'Promo Calendar'!$O$6:$O$400,0))&IF(COUNTIFS('Promo Calendar'!$A$6:$A$400,$A40,'Promo Calendar'!$L$6:$L$400,"Active")>1," (+"&(COUNTIFS('Promo Calendar'!$A$6:$A$400,$A40,'Promo Calendar'!$L$6:$L$400,"Active")-1)&" more)",""))) | P40: =IF($A40="","",IF(COUNTIFS('Promo Calendar'!$A$6:$A$400,$A40,'Promo Calendar'!$L$6:$L$400,"Active",'Promo Calendar'!$G$6:$G$400,">0")>0,_xlfn.MINIFS('Promo Calendar'!$G$6:$G$400,'Promo Calendar'!$A$6:$A$400,$A40,'Promo Calendar'!$L$6:$L$400,"Active",'Promo Calendar'!$G$6:$G$400,">0"),IF(M40="","Not set",M40))) | Q40: =IF($A40="","",IF(COUNTIFS('Promo Calendar'!$A$6:$A$400,$A40,'Promo Calendar'!$I$6:$I$400,">"&TODAY())=0,"None scheduled",_xlfn.MINIFS('Promo Calendar'!$I$6:$I$400,'Promo Calendar'!$A$6:$A$400,$A40,'Promo Calendar'!$I$6:$I$400,">"&TODAY()))) | R40: Priority to close gaps and hit 90%+ re-service rates. Sell in displays at store level to support promotional pricing. | T40: HW Hot Sheet 8/25/25 | U40: Confirm for 2026 | W40: =IF($A40="","",COUNTIFS('Visit Log'!$C$6:$C$1005,$A40,'Visit Log'!$A$6:$A$1005,">="&TODAY()-30)) | X40: =IF($A40="","",COUNTIFS('Visit Log'!$C$6:$C$1005,$A40,'Visit Log'!$T$6:$T$1005,"Open")+COUNTIFS('Visit Log'!$C$6:$C$1005,$A40,'Visit Log'!$T$6:$T$1005,"In Progress")) | Y40: =IF($A40="","",IF(COUNTIFS('Visit Log'!$C$6:$C$1005,$A40)=0,"No visits",_xlfn.MAXIFS('Visit Log'!$A$6:$A$1005,'Visit Log'!$C$6:$C$1005,$A40)))
A41: Henry's | Rosauers | B41: Henry's | C41: Rosauers | D41: Rosauers | E41: E. WA / N. ID / MT | F41: MU-AK ID OR WA: 19 | G41: 19 | H41: Root Beer, Black Cherry Cream, Orange Cream, Vanilla Cream | I41: 1 case of each flavor backstock | J41: Shelf set + displays | L41: SRP $6.49 | M41: 6.49 | N41: 2025: 5/19-9/6, 8/30-9/12 (deep), 9/29-1/3 | O41: =IF($A41="","",IF(COUNTIFS('Promo Calendar'!$A$6:$A$400,$A41,'Promo Calendar'!$L$6:$L$400,"Active")=0,"None active",INDEX('Promo Calendar'!$F$6:$F$400,MATCH($A41,'Promo Calendar'!$O$6:$O$400,0))&IF(COUNTIFS('Promo Calendar'!$A$6:$A$400,$A41,'Promo Calendar'!$L$6:$L$400,"Active")>1," (+"&(COUNTIFS('Promo Calendar'!$A$6:$A$400,$A41,'Promo Calendar'!$L$6:$L$400,"Active")-1)&" more)",""))) | P41: =IF($A41="","",IF(COUNTIFS('Promo Calendar'!$A$6:$A$400,$A41,'Promo Calendar'!$L$6:$L$400,"Active",'Promo Calendar'!$G$6:$G$400,">0")>0,_xlfn.MINIFS('Promo Calendar'!$G$6:$G$400,'Promo Calendar'!$A$6:$A$400,$A41,'Promo Calendar'!$L$6:$L$400,"Active",'Promo Calendar'!$G$6:$G$400,">0"),IF(M41="","Not set",M41))) | Q41: =IF($A41="","",IF(COUNTIFS('Promo Calendar'!$A$6:$A$400,$A41,'Promo Calendar'!$I$6:$I$400,">"&TODAY())=0,"None scheduled",_xlfn.MINIFS('Promo Calendar'!$I$6:$I$400,'Promo Calendar'!$A$6:$A$400,$A41,'Promo Calendar'!$I$6:$I$400,">"&TODAY()))) | R41: Priority to close gaps and hit 90%+ re-service rates. Sell in displays at store level to support promotional pricing. | T41: HW Hot Sheet 8/25/25 | U41: Confirm for 2026 | W41: =IF($A41="","",COUNTIFS('Visit Log'!$C$6:$C$1005,$A41,'Visit Log'!$A$6:$A$1005,">="&TODAY()-30)) | X41: =IF($A41="","",COUNTIFS('Visit Log'!$C$6:$C$1005,$A41,'Visit Log'!$T$6:$T$1005,"Open")+COUNTIFS('Visit Log'!$C$6:$C$1005,$A41,'Visit Log'!$T$6:$T$1005,"In Progress")) | Y41: =IF($A41="","",IF(COUNTIFS('Visit Log'!$C$6:$C$1005,$A41)=0,"No visits",_xlfn.MAXIFS('Visit Log'!$A$6:$A$1005,'Visit Log'!$C$6:$C$1005,$A41)))
A42: Fever-Tree | Safeway NorCal | B42: Fever-Tree | C42: Albertsons/Safeway | D42: Safeway NorCal | E42: NorCal | H42: Fever-Tree authorized set | J42: Shelf presence + display opportunities | L42: Not listed | N42: KEHE-to-DSD transition | O42: =IF($A42="","",IF(COUNTIFS('Promo Calendar'!$A$6:$A$400,$A42,'Promo Calendar'!$L$6:$L$400,"Active")=0,"None active",INDEX('Promo Calendar'!$F$6:$F$400,MATCH($A42,'Promo Calendar'!$O$6:$O$400,0))&IF(COUNTIFS('Promo Calendar'!$A$6:$A$400,$A42,'Promo Calendar'!$L$6:$L$400,"Active")>1," (+"&(COUNTIFS('Promo Calendar'!$A$6:$A$400,$A42,'Promo Calendar'!$L$6:$L$400,"Active")-1)&" more)",""))) | P42: =IF($A42="","",IF(COUNTIFS('Promo Calendar'!$A$6:$A$400,$A42,'Promo Calendar'!$L$6:$L$400,"Active",'Promo Calendar'!$G$6:$G$400,">0")>0,_xlfn.MINIFS('Promo Calendar'!$G$6:$G$400,'Promo Calendar'!$A$6:$A$400,$A42,'Promo Calendar'!$L$6:$L$400,"Active",'Promo Calendar'!$G$6:$G$400,">0"),IF(M42="","Not set",M42))) | Q42: =IF($A42="","",IF(COUNTIFS('Promo Calendar'!$A$6:$A$400,$A42,'Promo Calendar'!$I$6:$I$400,">"&TODAY())=0,"None scheduled",_xlfn.MINIFS('Promo Calendar'!$I$6:$I$400,'Promo Calendar'!$A$6:$A$400,$A42,'Promo Calendar'!$I$6:$I$400,">"&TODAY()))) | R42: Support KEHE-to-DSD transition. Protect inventory, shelf presence and merchandising. Pursue display opportunities. | T42: Non-Alc Chain 9/8/26 | U42: Current (2026) | W42: =IF($A42="","",COUNTIFS('Visit Log'!$C$6:$C$1005,$A42,'Visit Log'!$A$6:$A$1005,">="&TODAY()-30)) | X42: =IF($A42="","",COUNTIFS('Visit Log'!$C$6:$C$1005,$A42,'Visit Log'!$T$6:$T$1005,"Open")+COUNTIFS('Visit Log'!$C$6:$C$1005,$A42,'Visit Log'!$T$6:$T$1005,"In Progress")) | Y42: =IF($A42="","",IF(COUNTIFS('Visit Log'!$C$6:$C$1005,$A42)=0,"No visits",_xlfn.MAXIFS('Visit Log'!$A$6:$A$1005,'Visit Log'!$C$6:$C$1005,$A42)))
A43: Fever-Tree | BevMo! | B43: Fever-Tree | C43: BevMo! | D43: BevMo! | E43: Authorized stores | H43: ~23 SKUs per authorized store | J43: Fully merchandised mixer set | L43: Not listed | N43: Ongoing | O43: =IF($A43="","",IF(COUNTIFS('Promo Calendar'!$A$6:$A$400,$A43,'Promo Calendar'!$L$6:$L$400,"Active")=0,"None active",INDEX('Promo Calendar'!$F$6:$F$400,MATCH($A43,'Promo Calendar'!$O$6:$O$400,0))&IF(COUNTIFS('Promo Calendar'!$A$6:$A$400,$A43,'Promo Calendar'!$L$6:$L$400,"Active")>1," (+"&(COUNTIFS('Promo Calendar'!$A$6:$A$400,$A43,'Promo Calendar'!$L$6:$L$400,"Active")-1)&" more)",""))) | P43: =IF($A43="","",IF(COUNTIFS('Promo Calendar'!$A$6:$A$400,$A43,'Promo Calendar'!$L$6:$L$400,"Active",'Promo Calendar'!$G$6:$G$400,">0")>0,_xlfn.MINIFS('Promo Calendar'!$G$6:$G$400,'Promo Calendar'!$A$6:$A$400,$A43,'Promo Calendar'!$L$6:$L$400,"Active",'Promo Calendar'!$G$6:$G$400,">0"),IF(M43="","Not set",M43))) | Q43: =IF($A43="","",IF(COUNTIFS('Promo Calendar'!$A$6:$A$400,$A43,'Promo Calendar'!$I$6:$I$400,">"&TODAY())=0,"None scheduled",_xlfn.MINIFS('Promo Calendar'!$I$6:$I$400,'Promo Calendar'!$A$6:$A$400,$A43,'Promo Calendar'!$I$6:$I$400,">"&TODAY()))) | R43: Keep Fever-Tree fully merchandised and maintain approximately 23 SKUs per store where authorized. | T43: Non-Alc Chain 9/8/26 | U43: Current (2026) | W43: =IF($A43="","",COUNTIFS('Visit Log'!$C$6:$C$1005,$A43,'Visit Log'!$A$6:$A$1005,">="&TODAY()-30)) | X43: =IF($A43="","",COUNTIFS('Visit Log'!$C$6:$C$1005,$A43,'Visit Log'!$T$6:$T$1005,"Open")+COUNTIFS('Visit Log'!$C$6:$C$1005,$A43,'Visit Log'!$T$6:$T$1005,"In Progress")) | Y43: =IF($A43="","",IF(COUNTIFS('Visit Log'!$C$6:$C$1005,$A43)=0,"No visits",_xlfn.MAXIFS('Visit Log'!$A$6:$A$1005,'Visit Log'!$C$6:$C$1005,$A43)))
A44: Fever-Tree | C&K / Ray's | B44: Fever-Tree | C44: C&K Market | D44: C&K / Ray's | E44: Oregon | H44: Fever-Tree DSD set | J44: Per store planogram - confirm | L44: Not listed | N44: Ongoing | O44: =IF($A44="","",IF(COUNTIFS('Promo Calendar'!$A$6:$A$400,$A44,'Promo Calendar'!$L$6:$L$400,"Active")=0,"None active",INDEX('Promo Calendar'!$F$6:$F$400,MATCH($A44,'Promo Calendar'!$O$6:$O$400,0))&IF(COUNTIFS('Promo Calendar'!$A$6:$A$400,$A44,'Promo Calendar'!$L$6:$L$400,"Active")>1," (+"&(COUNTIFS('Promo Calendar'!$A$6:$A$400,$A44,'Promo Calendar'!$L$6:$L$400,"Active")-1)&" more)",""))) | P44: =IF($A44="","",IF(COUNTIFS('Promo Calendar'!$A$6:$A$400,$A44,'Promo Calendar'!$L$6:$L$400,"Active",'Promo Calendar'!$G$6:$G$400,">0")>0,_xlfn.MINIFS('Promo Calendar'!$G$6:$G$400,'Promo Calendar'!$A$6:$A$400,$A44,'Promo Calendar'!$L$6:$L$400,"Active",'Promo Calendar'!$G$6:$G$400,">0"),IF(M44="","Not set",M44))) | Q44: =IF($A44="","",IF(COUNTIFS('Promo Calendar'!$A$6:$A$400,$A44,'Promo Calendar'!$I$6:$I$400,">"&TODAY())=0,"None scheduled",_xlfn.MINIFS('Promo Calendar'!$I$6:$I$400,'Promo Calendar'!$A$6:$A$400,$A44,'Promo Calendar'!$I$6:$I$400,">"&TODAY()))) | R44: Support new DSD distribution and drive incremental distribution opportunities. | T44: Non-Alc Chain 9/8/26 | U44: Current (2026) | W44: =IF($A44="","",COUNTIFS('Visit Log'!$C$6:$C$1005,$A44,'Visit Log'!$A$6:$A$1005,">="&TODAY()-30)) | X44: =IF($A44="","",COUNTIFS('Visit Log'!$C$6:$C$1005,$A44,'Visit Log'!$T$6:$T$1005,"Open")+COUNTIFS('Visit Log'!$C$6:$C$1005,$A44,'Visit Log'!$T$6:$T$1005,"In Progress")) | Y44: =IF($A44="","",IF(COUNTIFS('Visit Log'!$C$6:$C$1005,$A44)=0,"No visits",_xlfn.MAXIFS('Visit Log'!$A$6:$A$1005,'Visit Log'!$C$6:$C$1005,$A44)))
A45: Fever-Tree | Harmons | B45: Fever-Tree | C45: Harmons | D45: Harmons | E45: Utah | H45: 4pk, 8pk, 500mL | I45: Est. 50 cases per store for display | J45: Ad feature + 4-week endcap; display 3 months (Aug / Nov / Dec) | L45: TPR: 4pk $4.99, 8pk $5.99, 500mL 2 for $5 | N45: Aug / Nov / Dec 2026 | O45: =IF($A45="","",IF(COUNTIFS('Promo Calendar'!$A$6:$A$400,$A45,'Promo Calendar'!$L$6:$L$400,"Active")=0,"None active",INDEX('Promo Calendar'!$F$6:$F$400,MATCH($A45,'Promo Calendar'!$O$6:$O$400,0))&IF(COUNTIFS('Promo Calendar'!$A$6:$A$400,$A45,'Promo Calendar'!$L$6:$L$400,"Active")>1," (+"&(COUNTIFS('Promo Calendar'!$A$6:$A$400,$A45,'Promo Calendar'!$L$6:$L$400,"Active")-1)&" more)",""))) | P45: =IF($A45="","",IF(COUNTIFS('Promo Calendar'!$A$6:$A$400,$A45,'Promo Calendar'!$L$6:$L$400,"Active",'Promo Calendar'!$G$6:$G$400,">0")>0,_xlfn.MINIFS('Promo Calendar'!$G$6:$G$400,'Promo Calendar'!$A$6:$A$400,$A45,'Promo Calendar'!$L$6:$L$400,"Active",'Promo Calendar'!$G$6:$G$400,">0"),IF(M45="","Not set",M45))) | Q45: =IF($A45="","",IF(COUNTIFS('Promo Calendar'!$A$6:$A$400,$A45,'Promo Calendar'!$I$6:$I$400,">"&TODAY())=0,"None scheduled",_xlfn.MINIFS('Promo Calendar'!$I$6:$I$400,'Promo Calendar'!$A$6:$A$400,$A45,'Promo Calendar'!$I$6:$I$400,">"&TODAY()))) | R45: Display three months. Estimate 50 cases per store. Ad feature + 4-week endcap. | T45: Non-Alc Chain 9/8/26 | U45: Current (2026) | W45: =IF($A45="","",COUNTIFS('Visit Log'!$C$6:$C$1005,$A45,'Visit Log'!$A$6:$A$1005,">="&TODAY()-30)) | X45: =IF($A45="","",COUNTIFS('Visit Log'!$C$6:$C$1005,$A45,'Visit Log'!$T$6:$T$1005,"Open")+COUNTIFS('Visit Log'!$C$6:$C$1005,$A45,'Visit Log'!$T$6:$T$1005,"In Progress")) | Y45: =IF($A45="","",IF(COUNTIFS('Visit Log'!$C$6:$C$1005,$A45)=0,"No visits",_xlfn.MAXIFS('Visit Log'!$A$6:$A$1005,'Visit Log'!$C$6:$C$1005,$A45)))
A46: Fever-Tree | Kroger (proposed plan) | B46: Fever-Tree | C46: Kroger | D46: Kroger (proposed plan) | E46: Kroger divisions | H46: Fever-Tree Kroger set | J46: Merchandising / display per plan | L46: Promotional scans + digital offers | N46: P10-P13 | O46: =IF($A46="","",IF(COUNTIFS('Promo Calendar'!$A$6:$A$400,$A46,'Promo Calendar'!$L$6:$L$400,"Active")=0,"None active",INDEX('Promo Calendar'!$F$6:$F$400,MATCH($A46,'Promo Calendar'!$O$6:$O$400,0))&IF(COUNTIFS('Promo Calendar'!$A$6:$A$400,$A46,'Promo Calendar'!$L$6:$L$400,"Active")>1," (+"&(COUNTIFS('Promo Calendar'!$A$6:$A$400,$A46,'Promo Calendar'!$L$6:$L$400,"Active")-1)&" more)",""))) | P46: =IF($A46="","",IF(COUNTIFS('Promo Calendar'!$A$6:$A$400,$A46,'Promo Calendar'!$L$6:$L$400,"Active",'Promo Calendar'!$G$6:$G$400,">0")>0,_xlfn.MINIFS('Promo Calendar'!$G$6:$G$400,'Promo Calendar'!$A$6:$A$400,$A46,'Promo Calendar'!$L$6:$L$400,"Active",'Promo Calendar'!$G$6:$G$400,">0"),IF(M46="","Not set",M46))) | Q46: =IF($A46="","",IF(COUNTIFS('Promo Calendar'!$A$6:$A$400,$A46,'Promo Calendar'!$I$6:$I$400,">"&TODAY())=0,"None scheduled",_xlfn.MINIFS('Promo Calendar'!$I$6:$I$400,'Promo Calendar'!$A$6:$A$400,$A46,'Promo Calendar'!$I$6:$I$400,">"&TODAY()))) | R46: Promotional scans, merchandising/display, digital offers and paid media. Detailed proposed plan remains in the source PowerPoint. | T46: Non-Alc Chain 9/8/26 | U46: Confirm for 2026 | W46: =IF($A46="","",COUNTIFS('Visit Log'!$C$6:$C$1005,$A46,'Visit Log'!$A$6:$A$1005,">="&TODAY()-30)) | X46: =IF($A46="","",COUNTIFS('Visit Log'!$C$6:$C$1005,$A46,'Visit Log'!$T$6:$T$1005,"Open")+COUNTIFS('Visit Log'!$C$6:$C$1005,$A46,'Visit Log'!$T$6:$T$1005,"In Progress")) | Y46: =IF($A46="","",IF(COUNTIFS('Visit Log'!$C$6:$C$1005,$A46)=0,"No visits",_xlfn.MAXIFS('Visit Log'!$A$6:$A$1005,'Visit Log'!$C$6:$C$1005,$A46)))
A47: Naked Life | WFM September Feature | B47: Naked Life | C47: Whole Foods Market | D47: WFM September Feature | E47: DSD: WA, OR, CA, TX | Broadliner: FL; MA/NJ/MD dry stores only | H47: Margarita 4pk 12oz cans; Mojito 4pk 12oz cans | I47: Initial 1-case shelf placement; reorders allowed during feature | J47: Shelf feature; Gouda case stack: CA 1 dry store (Laguna Beach), MA/NJ/MD half of dry stores | K47: Cost to WFM: $33.03 promo / $38.25 everyday | L47: Everyday SRP $10.99; promo $9.49 | M47: 10.99 | N47: Orders week of 8/24; feature 9/2-10/6/2026 (5 weeks) | O47: =IF($A47="","",IF(COUNTIFS('Promo Calendar'!$A$6:$A$400,$A47,'Promo Calendar'!$L$6:$L$400,"Active")=0,"None active",INDEX('Promo Calendar'!$F$6:$F$400,MATCH($A47,'Promo Calendar'!$O$6:$O$400,0))&IF(COUNTIFS('Promo Calendar'!$A$6:$A$400,$A47,'Promo Calendar'!$L$6:$L$400,"Active")>1," (+"&(COUNTIFS('Promo Calendar'!$A$6:$A$400,$A47,'Promo Calendar'!$L$6:$L$400,"Active")-1)&" more)",""))) | P47: =IF($A47="","",IF(COUNTIFS('Promo Calendar'!$A$6:$A$400,$A47,'Promo Calendar'!$L$6:$L$400,"Active",'Promo Calendar'!$G$6:$G$400,">0")>0,_xlfn.MINIFS('Promo Calendar'!$G$6:$G$400,'Promo Calendar'!$A$6:$A$400,$A47,'Promo Calendar'!$L$6:$L$400,"Active",'Promo Calendar'!$G$6:$G$400,">0"),IF(M47="","Not set",M47))) | Q47: =IF($A47="","",IF(COUNTIFS('Promo Calendar'!$A$6:$A$400,$A47,'Promo Calendar'!$I$6:$I$400,">"&TODAY())=0,"None scheduled",_xlfn.MINIFS('Promo Calendar'!$I$6:$I$400,'Promo Calendar'!$A$6:$A$400,$A47,'Promo Calendar'!$I$6:$I$400,">"&TODAY()))) | R47: Execution success = initial order quantity delivered. Confirm promo costing is entered in WFM VIP. Support: influencer + media campaign, 50 WFM sampling demos. Items may remain in flex stores after program. | T47: Non-Alc Chain 9/8/26 | U47: Current (2026) | W47: =IF($A47="","",COUNTIFS('Visit Log'!$C$6:$C$1005,$A47,'Visit Log'!$A$6:$A$1005,">="&TODAY()-30)) | X47: =IF($A47="","",COUNTIFS('Visit Log'!$C$6:$C$1005,$A47,'Visit Log'!$T$6:$T$1005,"Open")+COUNTIFS('Visit Log'!$C$6:$C$1005,$A47,'Visit Log'!$T$6:$T$1005,"In Progress")) | Y47: =IF($A47="","",IF(COUNTIFS('Visit Log'!$C$6:$C$1005,$A47)=0,"No visits",_xlfn.MAXIFS('Visit Log'!$A$6:$A$1005,'Visit Log'!$C$6:$C$1005,$A47)))
O48: =IF($A48="","",IF(COUNTIFS('Promo Calendar'!$A$6:$A$400,$A48,'Promo Calendar'!$L$6:$L$400,"Active")=0,"None active",INDEX('Promo Calendar'!$F$6:$F$400,MATCH($A48,'Promo Calendar'!$O$6:$O$400,0))&IF(COUNTIFS('Promo Calendar'!$A$6:$A$400,$A48,'Promo Calendar'!$L$6:$L$400,"Active")>1," (+"&(COUNTIFS('Promo Calendar'!$A$6:$A$400,$A48,'Promo Calendar'!$L$6:$L$400,"Active")-1)&" more)",""))) | P48: =IF($A48="","",IF(COUNTIFS('Promo Calendar'!$A$6:$A$400,$A48,'Promo Calendar'!$L$6:$L$400,"Active",'Promo Calendar'!$G$6:$G$400,">0")>0,_xlfn.MINIFS('Promo Calendar'!$G$6:$G$400,'Promo Calendar'!$A$6:$A$400,$A48,'Promo Calendar'!$L$6:$L$400,"Active",'Promo Calendar'!$G$6:$G$400,">0"),IF(M48="","Not set",M48))) | Q48: =IF($A48="","",IF(COUNTIFS('Promo Calendar'!$A$6:$A$400,$A48,'Promo Calendar'!$I$6:$I$400,">"&TODAY())=0,"None scheduled",_xlfn.MINIFS('Promo Calendar'!$I$6:$I$400,'Promo Calendar'!$A$6:$A$400,$A48,'Promo Calendar'!$I$6:$I$400,">"&TODAY()))) | W48: =IF($A48="","",COUNTIFS('Visit Log'!$C$6:$C$1005,$A48,'Visit Log'!$A$6:$A$1005,">="&TODAY()-30)) | X48: =IF($A48="","",COUNTIFS('Visit Log'!$C$6:$C$1005,$A48,'Visit Log'!$T$6:$T$1005,"Open")+COUNTIFS('Visit Log'!$C$6:$C$1005,$A48,'Visit Log'!$T$6:$T$1005,"In Progress")) | Y48: =IF($A48="","",IF(COUNTIFS('Visit Log'!$C$6:$C$1005,$A48)=0,"No visits",_xlfn.MAXIFS('Visit Log'!$A$6:$A$1005,'Visit Log'!$C$6:$C$1005,$A48)))
O49: =IF($A49="","",IF(COUNTIFS('Promo Calendar'!$A$6:$A$400,$A49,'Promo Calendar'!$L$6:$L$400,"Active")=0,"None active",INDEX('Promo Calendar'!$F$6:$F$400,MATCH($A49,'Promo Calendar'!$O$6:$O$400,0))&IF(COUNTIFS('Promo Calendar'!$A$6:$A$400,$A49,'Promo Calendar'!$L$6:$L$400,"Active")>1," (+"&(COUNTIFS('Promo Calendar'!$A$6:$A$400,$A49,'Promo Calendar'!$L$6:$L$400,"Active")-1)&" more)",""))) | P49: =IF($A49="","",IF(COUNTIFS('Promo Calendar'!$A$6:$A$400,$A49,'Promo Calendar'!$L$6:$L$400,"Active",'Promo Calendar'!$G$6:$G$400,">0")>0,_xlfn.MINIFS('Promo Calendar'!$G$6:$G$400,'Promo Calendar'!$A$6:$A$400,$A49,'Promo Calendar'!$L$6:$L$400,"Active",'Promo Calendar'!$G$6:$G$400,">0"),IF(M49="","Not set",M49))) | Q49: =IF($A49="","",IF(COUNTIFS('Promo Calendar'!$A$6:$A$400,$A49,'Promo Calendar'!$I$6:$I$400,">"&TODAY())=0,"None scheduled",_xlfn.MINIFS('Promo Calendar'!$I$6:$I$400,'Promo Calendar'!$A$6:$A$400,$A49,'Promo Calendar'!$I$6:$I$400,">"&TODAY()))) | W49: =IF($A49="","",COUNTIFS('Visit Log'!$C$6:$C$1005,$A49,'Visit Log'!$A$6:$A$1005,">="&TODAY()-30)) | X49: =IF($A49="","",COUNTIFS('Visit Log'!$C$6:$C$1005,$A49,'Visit Log'!$T$6:$T$1005,"Open")+COUNTIFS('Visit Log'!$C$6:$C$1005,$A49,'Visit Log'!$T$6:$T$1005,"In Progress")) | Y49: =IF($A49="","",IF(COUNTIFS('Visit Log'!$C$6:$C$1005,$A49)=0,"No visits",_xlfn.MAXIFS('Visit Log'!$A$6:$A$1005,'Visit Log'!$C$6:$C$1005,$A49)))
O50: =IF($A50="","",IF(COUNTIFS('Promo Calendar'!$A$6:$A$400,$A50,'Promo Calendar'!$L$6:$L$400,"Active")=0,"None active",INDEX('Promo Calendar'!$F$6:$F$400,MATCH($A50,'Promo Calendar'!$O$6:$O$400,0))&IF(COUNTIFS('Promo Calendar'!$A$6:$A$400,$A50,'Promo Calendar'!$L$6:$L$400,"Active")>1," (+"&(COUNTIFS('Promo Calendar'!$A$6:$A$400,$A50,'Promo Calendar'!$L$6:$L$400,"Active")-1)&" more)",""))) | P50: =IF($A50="","",IF(COUNTIFS('Promo Calendar'!$A$6:$A$400,$A50,'Promo Calendar'!$L$6:$L$400,"Active",'Promo Calendar'!$G$6:$G$400,">0")>0,_xlfn.MINIFS('Promo Calendar'!$G$6:$G$400,'Promo Calendar'!$A$6:$A$400,$A50,'Promo Calendar'!$L$6:$L$400,"Active",'Promo Calendar'!$G$6:$G$400,">0"),IF(M50="","Not set",M50))) | Q50: =IF($A50="","",IF(COUNTIFS('Promo Calendar'!$A$6:$A$400,$A50,'Promo Calendar'!$I$6:$I$400,">"&TODAY())=0,"None scheduled",_xlfn.MINIFS('Promo Calendar'!$I$6:$I$400,'Promo Calendar'!$A$6:$A$400,$A50,'Promo Calendar'!$I$6:$I$400,">"&TODAY()))) | W50: =IF($A50="","",COUNTIFS('Visit Log'!$C$6:$C$1005,$A50,'Visit Log'!$A$6:$A$1005,">="&TODAY()-30)) | X50: =IF($A50="","",COUNTIFS('Visit Log'!$C$6:$C$1005,$A50,'Visit Log'!$T$6:$T$1005,"Open")+COUNTIFS('Visit Log'!$C$6:$C$1005,$A50,'Visit Log'!$T$6:$T$1005,"In Progress")) | Y50: =IF($A50="","",IF(COUNTIFS('Visit Log'!$C$6:$C$1005,$A50)=0,"No visits",_xlfn.MAXIFS('Visit Log'!$A$6:$A$1005,'Visit Log'!$C$6:$C$1005,$A50)))
O51: =IF($A51="","",IF(COUNTIFS('Promo Calendar'!$A$6:$A$400,$A51,'Promo Calendar'!$L$6:$L$400,"Active")=0,"None active",INDEX('Promo Calendar'!$F$6:$F$400,MATCH($A51,'Promo Calendar'!$O$6:$O$400,0))&IF(COUNTIFS('Promo Calendar'!$A$6:$A$400,$A51,'Promo Calendar'!$L$6:$L$400,"Active")>1," (+"&(COUNTIFS('Promo Calendar'!$A$6:$A$400,$A51,'Promo Calendar'!$L$6:$L$400,"Active")-1)&" more)",""))) | P51: =IF($A51="","",IF(COUNTIFS('Promo Calendar'!$A$6:$A$400,$A51,'Promo Calendar'!$L$6:$L$400,"Active",'Promo Calendar'!$G$6:$G$400,">0")>0,_xlfn.MINIFS('Promo Calendar'!$G$6:$G$400,'Promo Calendar'!$A$6:$A$400,$A51,'Promo Calendar'!$L$6:$L$400,"Active",'Promo Calendar'!$G$6:$G$400,">0"),IF(M51="","Not set",M51))) | Q51: =IF($A51="","",IF(COUNTIFS('Promo Calendar'!$A$6:$A$400,$A51,'Promo Calendar'!$I$6:$I$400,">"&TODAY())=0,"None scheduled",_xlfn.MINIFS('Promo Calendar'!$I$6:$I$400,'Promo Calendar'!$A$6:$A$400,$A51,'Promo Calendar'!$I$6:$I$400,">"&TODAY()))) | W51: =IF($A51="","",COUNTIFS('Visit Log'!$C$6:$C$1005,$A51,'Visit Log'!$A$6:$A$1005,">="&TODAY()-30)) | X51: =IF($A51="","",COUNTIFS('Visit Log'!$C$6:$C$1005,$A51,'Visit Log'!$T$6:$T$1005,"Open")+COUNTIFS('Visit Log'!$C$6:$C$1005,$A51,'Visit Log'!$T$6:$T$1005,"In Progress")) | Y51: =IF($A51="","",IF(COUNTIFS('Visit Log'!$C$6:$C$1005,$A51)=0,"No visits",_xlfn.MAXIFS('Visit Log'!$A$6:$A$1005,'Visit Log'!$C$6:$C$1005,$A51)))
O52: =IF($A52="","",IF(COUNTIFS('Promo Calendar'!$A$6:$A$400,$A52,'Promo Calendar'!$L$6:$L$400,"Active")=0,"None active",INDEX('Promo Calendar'!$F$6:$F$400,MATCH($A52,'Promo Calendar'!$O$6:$O$400,0))&IF(COUNTIFS('Promo Calendar'!$A$6:$A$400,$A52,'Promo Calendar'!$L$6:$L$400,"Active")>1," (+"&(COUNTIFS('Promo Calendar'!$A$6:$A$400,$A52,'Promo Calendar'!$L$6:$L$400,"Active")-1)&" more)",""))) | P52: =IF($A52="","",IF(COUNTIFS('Promo Calendar'!$A$6:$A$400,$A52,'Promo Calendar'!$L$6:$L$400,"Active",'Promo Calendar'!$G$6:$G$400,">0")>0,_xlfn.MINIFS('Promo Calendar'!$G$6:$G$400,'Promo Calendar'!$A$6:$A$400,$A52,'Promo Calendar'!$L$6:$L$400,"Active",'Promo Calendar'!$G$6:$G$400,">0"),IF(M52="","Not set",M52))) | Q52: =IF($A52="","",IF(COUNTIFS('Promo Calendar'!$A$6:$A$400,$A52,'Promo Calendar'!$I$6:$I$400,">"&TODAY())=0,"None scheduled",_xlfn.MINIFS('Promo Calendar'!$I$6:$I$400,'Promo Calendar'!$A$6:$A$400,$A52,'Promo Calendar'!$I$6:$I$400,">"&TODAY()))) | W52: =IF($A52="","",COUNTIFS('Visit Log'!$C$6:$C$1005,$A52,'Visit Log'!$A$6:$A$1005,">="&TODAY()-30)) | X52: =IF($A52="","",COUNTIFS('Visit Log'!$C$6:$C$1005,$A52,'Visit Log'!$T$6:$T$1005,"Open")+COUNTIFS('Visit Log'!$C$6:$C$1005,$A52,'Visit Log'!$T$6:$T$1005,"In Progress")) | Y52: =IF($A52="","",IF(COUNTIFS('Visit Log'!$C$6:$C$1005,$A52)=0,"No visits",_xlfn.MAXIFS('Visit Log'!$A$6:$A$1005,'Visit Log'!$C$6:$C$1005,$A52)))
O53: =IF($A53="","",IF(COUNTIFS('Promo Calendar'!$A$6:$A$400,$A53,'Promo Calendar'!$L$6:$L$400,"Active")=0,"None active",INDEX('Promo Calendar'!$F$6:$F$400,MATCH($A53,'Promo Calendar'!$O$6:$O$400,0))&IF(COUNTIFS('Promo Calendar'!$A$6:$A$400,$A53,'Promo Calendar'!$L$6:$L$400,"Active")>1," (+"&(COUNTIFS('Promo Calendar'!$A$6:$A$400,$A53,'Promo Calendar'!$L$6:$L$400,"Active")-1)&" more)",""))) | P53: =IF($A53="","",IF(COUNTIFS('Promo Calendar'!$A$6:$A$400,$A53,'Promo Calendar'!$L$6:$L$400,"Active",'Promo Calendar'!$G$6:$G$400,">0")>0,_xlfn.MINIFS('Promo Calendar'!$G$6:$G$400,'Promo Calendar'!$A$6:$A$400,$A53,'Promo Calendar'!$L$6:$L$400,"Active",'Promo Calendar'!$G$6:$G$400,">0"),IF(M53="","Not set",M53))) | Q53: =IF($A53="","",IF(COUNTIFS('Promo Calendar'!$A$6:$A$400,$A53,'Promo Calendar'!$I$6:$I$400,">"&TODAY())=0,"None scheduled",_xlfn.MINIFS('Promo Calendar'!$I$6:$I$400,'Promo Calendar'!$A$6:$A$400,$A53,'Promo Calendar'!$I$6:$I$400,">"&TODAY()))) | W53: =IF($A53="","",COUNTIFS('Visit Log'!$C$6:$C$1005,$A53,'Visit Log'!$A$6:$A$1005,">="&TODAY()-30)) | X53: =IF($A53="","",COUNTIFS('Visit Log'!$C$6:$C$1005,$A53,'Visit Log'!$T$6:$T$1005,"Open")+COUNTIFS('Visit Log'!$C$6:$C$1005,$A53,'Visit Log'!$T$6:$T$1005,"In Progress")) | Y53: =IF($A53="","",IF(COUNTIFS('Visit Log'!$C$6:$C$1005,$A53)=0,"No visits",_xlfn.MAXIFS('Visit Log'!$A$6:$A$1005,'Visit Log'!$C$6:$C$1005,$A53)))
O54: =IF($A54="","",IF(COUNTIFS('Promo Calendar'!$A$6:$A$400,$A54,'Promo Calendar'!$L$6:$L$400,"Active")=0,"None active",INDEX('Promo Calendar'!$F$6:$F$400,MATCH($A54,'Promo Calendar'!$O$6:$O$400,0))&IF(COUNTIFS('Promo Calendar'!$A$6:$A$400,$A54,'Promo Calendar'!$L$6:$L$400,"Active")>1," (+"&(COUNTIFS('Promo Calendar'!$A$6:$A$400,$A54,'Promo Calendar'!$L$6:$L$400,"Active")-1)&" more)",""))) | P54: =IF($A54="","",IF(COUNTIFS('Promo Calendar'!$A$6:$A$400,$A54,'Promo Calendar'!$L$6:$L$400,"Active",'Promo Calendar'!$G$6:$G$400,">0")>0,_xlfn.MINIFS('Promo Calendar'!$G$6:$G$400,'Promo Calendar'!$A$6:$A$400,$A54,'Promo Calendar'!$L$6:$L$400,"Active",'Promo Calendar'!$G$6:$G$400,">0"),IF(M54="","Not set",M54))) | Q54: =IF($A54="","",IF(COUNTIFS('Promo Calendar'!$A$6:$A$400,$A54,'Promo Calendar'!$I$6:$I$400,">"&TODAY())=0,"None scheduled",_xlfn.MINIFS('Promo Calendar'!$I$6:$I$400,'Promo Calendar'!$A$6:$A$400,$A54,'Promo Calendar'!$I$6:$I$400,">"&TODAY()))) | W54: =IF($A54="","",COUNTIFS('Visit Log'!$C$6:$C$1005,$A54,'Visit Log'!$A$6:$A$1005,">="&TODAY()-30)) | X54: =IF($A54="","",COUNTIFS('Visit Log'!$C$6:$C$1005,$A54,'Visit Log'!$T$6:$T$1005,"Open")+COUNTIFS('Visit Log'!$C$6:$C$1005,$A54,'Visit Log'!$T$6:$T$1005,"In Progress")) | Y54: =IF($A54="","",IF(COUNTIFS('Visit Log'!$C$6:$C$1005,$A54)=0,"No visits",_xlfn.MAXIFS('Visit Log'!$A$6:$A$1005,'Visit Log'!$C$6:$C$1005,$A54)))
O55: =IF($A55="","",IF(COUNTIFS('Promo Calendar'!$A$6:$A$400,$A55,'Promo Calendar'!$L$6:$L$400,"Active")=0,"None active",INDEX('Promo Calendar'!$F$6:$F$400,MATCH($A55,'Promo Calendar'!$O$6:$O$400,0))&IF(COUNTIFS('Promo Calendar'!$A$6:$A$400,$A55,'Promo Calendar'!$L$6:$L$400,"Active")>1," (+"&(COUNTIFS('Promo Calendar'!$A$6:$A$400,$A55,'Promo Calendar'!$L$6:$L$400,"Active")-1)&" more)",""))) | P55: =IF($A55="","",IF(COUNTIFS('Promo Calendar'!$A$6:$A$400,$A55,'Promo Calendar'!$L$6:$L$400,"Active",'Promo Calendar'!$G$6:$G$400,">0")>0,_xlfn.MINIFS('Promo Calendar'!$G$6:$G$400,'Promo Calendar'!$A$6:$A$400,$A55,'Promo Calendar'!$L$6:$L$400,"Active",'Promo Calendar'!$G$6:$G$400,">0"),IF(M55="","Not set",M55))) | Q55: =IF($A55="","",IF(COUNTIFS('Promo Calendar'!$A$6:$A$400,$A55,'Promo Calendar'!$I$6:$I$400,">"&TODAY())=0,"None scheduled",_xlfn.MINIFS('Promo Calendar'!$I$6:$I$400,'Promo Calendar'!$A$6:$A$400,$A55,'Promo Calendar'!$I$6:$I$400,">"&TODAY()))) | W55: =IF($A55="","",COUNTIFS('Visit Log'!$C$6:$C$1005,$A55,'Visit Log'!$A$6:$A$1005,">="&TODAY()-30)) | X55: =IF($A55="","",COUNTIFS('Visit Log'!$C$6:$C$1005,$A55,'Visit Log'!$T$6:$T$1005,"Open")+COUNTIFS('Visit Log'!$C$6:$C$1005,$A55,'Visit Log'!$T$6:$T$1005,"In Progress")) | Y55: =IF($A55="","",IF(COUNTIFS('Visit Log'!$C$6:$C$1005,$A55)=0,"No visits",_xlfn.MAXIFS('Visit Log'!$A$6:$A$1005,'Visit Log'!$C$6:$C$1005,$A55)))
O56: =IF($A56="","",IF(COUNTIFS('Promo Calendar'!$A$6:$A$400,$A56,'Promo Calendar'!$L$6:$L$400,"Active")=0,"None active",INDEX('Promo Calendar'!$F$6:$F$400,MATCH($A56,'Promo Calendar'!$O$6:$O$400,0))&IF(COUNTIFS('Promo Calendar'!$A$6:$A$400,$A56,'Promo Calendar'!$L$6:$L$400,"Active")>1," (+"&(COUNTIFS('Promo Calendar'!$A$6:$A$400,$A56,'Promo Calendar'!$L$6:$L$400,"Active")-1)&" more)",""))) | P56: =IF($A56="","",IF(COUNTIFS('Promo Calendar'!$A$6:$A$400,$A56,'Promo Calendar'!$L$6:$L$400,"Active",'Promo Calendar'!$G$6:$G$400,">0")>0,_xlfn.MINIFS('Promo Calendar'!$G$6:$G$400,'Promo Calendar'!$A$6:$A$400,$A56,'Promo Calendar'!$L$6:$L$400,"Active",'Promo Calendar'!$G$6:$G$400,">0"),IF(M56="","Not set",M56))) | Q56: =IF($A56="","",IF(COUNTIFS('Promo Calendar'!$A$6:$A$400,$A56,'Promo Calendar'!$I$6:$I$400,">"&TODAY())=0,"None scheduled",_xlfn.MINIFS('Promo Calendar'!$I$6:$I$400,'Promo Calendar'!$A$6:$A$400,$A56,'Promo Calendar'!$I$6:$I$400,">"&TODAY()))) | W56: =IF($A56="","",COUNTIFS('Visit Log'!$C$6:$C$1005,$A56,'Visit Log'!$A$6:$A$1005,">="&TODAY()-30)) | X56: =IF($A56="","",COUNTIFS('Visit Log'!$C$6:$C$1005,$A56,'Visit Log'!$T$6:$T$1005,"Open")+COUNTIFS('Visit Log'!$C$6:$C$1005,$A56,'Visit Log'!$T$6:$T$1005,"In Progress")) | Y56: =IF($A56="","",IF(COUNTIFS('Visit Log'!$C$6:$C$1005,$A56)=0,"No visits",_xlfn.MAXIFS('Visit Log'!$A$6:$A$1005,'Visit Log'!$C$6:$C$1005,$A56)))
O57: =IF($A57="","",IF(COUNTIFS('Promo Calendar'!$A$6:$A$400,$A57,'Promo Calendar'!$L$6:$L$400,"Active")=0,"None active",INDEX('Promo Calendar'!$F$6:$F$400,MATCH($A57,'Promo Calendar'!$O$6:$O$400,0))&IF(COUNTIFS('Promo Calendar'!$A$6:$A$400,$A57,'Promo Calendar'!$L$6:$L$400,"Active")>1," (+"&(COUNTIFS('Promo Calendar'!$A$6:$A$400,$A57,'Promo Calendar'!$L$6:$L$400,"Active")-1)&" more)",""))) | P57: =IF($A57="","",IF(COUNTIFS('Promo Calendar'!$A$6:$A$400,$A57,'Promo Calendar'!$L$6:$L$400,"Active",'Promo Calendar'!$G$6:$G$400,">0")>0,_xlfn.MINIFS('Promo Calendar'!$G$6:$G$400,'Promo Calendar'!$A$6:$A$400,$A57,'Promo Calendar'!$L$6:$L$400,"Active",'Promo Calendar'!$G$6:$G$400,">0"),IF(M57="","Not set",M57))) | Q57: =IF($A57="","",IF(COUNTIFS('Promo Calendar'!$A$6:$A$400,$A57,'Promo Calendar'!$I$6:$I$400,">"&TODAY())=0,"None scheduled",_xlfn.MINIFS('Promo Calendar'!$I$6:$I$400,'Promo Calendar'!$A$6:$A$400,$A57,'Promo Calendar'!$I$6:$I$400,">"&TODAY()))) | W57: =IF($A57="","",COUNTIFS('Visit Log'!$C$6:$C$1005,$A57,'Visit Log'!$A$6:$A$1005,">="&TODAY()-30)) | X57: =IF($A57="","",COUNTIFS('Visit Log'!$C$6:$C$1005,$A57,'Visit Log'!$T$6:$T$1005,"Open")+COUNTIFS('Visit Log'!$C$6:$C$1005,$A57,'Visit Log'!$T$6:$T$1005,"In Progress")) | Y57: =IF($A57="","",IF(COUNTIFS('Visit Log'!$C$6:$C$1005,$A57)=0,"No visits",_xlfn.MAXIFS('Visit Log'!$A$6:$A$1005,'Visit Log'!$C$6:$C$1005,$A57)))
O58: =IF($A58="","",IF(COUNTIFS('Promo Calendar'!$A$6:$A$400,$A58,'Promo Calendar'!$L$6:$L$400,"Active")=0,"None active",INDEX('Promo Calendar'!$F$6:$F$400,MATCH($A58,'Promo Calendar'!$O$6:$O$400,0))&IF(COUNTIFS('Promo Calendar'!$A$6:$A$400,$A58,'Promo Calendar'!$L$6:$L$400,"Active")>1," (+"&(COUNTIFS('Promo Calendar'!$A$6:$A$400,$A58,'Promo Calendar'!$L$6:$L$400,"Active")-1)&" more)",""))) | P58: =IF($A58="","",IF(COUNTIFS('Promo Calendar'!$A$6:$A$400,$A58,'Promo Calendar'!$L$6:$L$400,"Active",'Promo Calendar'!$G$6:$G$400,">0")>0,_xlfn.MINIFS('Promo Calendar'!$G$6:$G$400,'Promo Calendar'!$A$6:$A$400,$A58,'Promo Calendar'!$L$6:$L$400,"Active",'Promo Calendar'!$G$6:$G$400,">0"),IF(M58="","Not set",M58))) | Q58: =IF($A58="","",IF(COUNTIFS('Promo Calendar'!$A$6:$A$400,$A58,'Promo Calendar'!$I$6:$I$400,">"&TODAY())=0,"None scheduled",_xlfn.MINIFS('Promo Calendar'!$I$6:$I$400,'Promo Calendar'!$A$6:$A$400,$A58,'Promo Calendar'!$I$6:$I$400,">"&TODAY()))) | W58: =IF($A58="","",COUNTIFS('Visit Log'!$C$6:$C$1005,$A58,'Visit Log'!$A$6:$A$1005,">="&TODAY()-30)) | X58: =IF($A58="","",COUNTIFS('Visit Log'!$C$6:$C$1005,$A58,'Visit Log'!$T$6:$T$1005,"Open")+COUNTIFS('Visit Log'!$C$6:$C$1005,$A58,'Visit Log'!$T$6:$T$1005,"In Progress")) | Y58: =IF($A58="","",IF(COUNTIFS('Visit Log'!$C$6:$C$1005,$A58)=0,"No visits",_xlfn.MAXIFS('Visit Log'!$A$6:$A$1005,'Visit Log'!$C$6:$C$1005,$A58)))
O59: =IF($A59="","",IF(COUNTIFS('Promo Calendar'!$A$6:$A$400,$A59,'Promo Calendar'!$L$6:$L$400,"Active")=0,"None active",INDEX('Promo Calendar'!$F$6:$F$400,MATCH($A59,'Promo Calendar'!$O$6:$O$400,0))&IF(COUNTIFS('Promo Calendar'!$A$6:$A$400,$A59,'Promo Calendar'!$L$6:$L$400,"Active")>1," (+"&(COUNTIFS('Promo Calendar'!$A$6:$A$400,$A59,'Promo Calendar'!$L$6:$L$400,"Active")-1)&" more)",""))) | P59: =IF($A59="","",IF(COUNTIFS('Promo Calendar'!$A$6:$A$400,$A59,'Promo Calendar'!$L$6:$L$400,"Active",'Promo Calendar'!$G$6:$G$400,">0")>0,_xlfn.MINIFS('Promo Calendar'!$G$6:$G$400,'Promo Calendar'!$A$6:$A$400,$A59,'Promo Calendar'!$L$6:$L$400,"Active",'Promo Calendar'!$G$6:$G$400,">0"),IF(M59="","Not set",M59))) | Q59: =IF($A59="","",IF(COUNTIFS('Promo Calendar'!$A$6:$A$400,$A59,'Promo Calendar'!$I$6:$I$400,">"&TODAY())=0,"None scheduled",_xlfn.MINIFS('Promo Calendar'!$I$6:$I$400,'Promo Calendar'!$A$6:$A$400,$A59,'Promo Calendar'!$I$6:$I$400,">"&TODAY()))) | W59: =IF($A59="","",COUNTIFS('Visit Log'!$C$6:$C$1005,$A59,'Visit Log'!$A$6:$A$1005,">="&TODAY()-30)) | X59: =IF($A59="","",COUNTIFS('Visit Log'!$C$6:$C$1005,$A59,'Visit Log'!$T$6:$T$1005,"Open")+COUNTIFS('Visit Log'!$C$6:$C$1005,$A59,'Visit Log'!$T$6:$T$1005,"In Progress")) | Y59: =IF($A59="","",IF(COUNTIFS('Visit Log'!$C$6:$C$1005,$A59)=0,"No visits",_xlfn.MAXIFS('Visit Log'!$A$6:$A$1005,'Visit Log'!$C$6:$C$1005,$A59)))
... O120: =IF($A120="","",IF(COUNTIFS('Promo Calendar'!$A$6:$A$400,$A120,'Promo Calendar'!$L$6:$L$400,"Active")=0,"None active",INDEX('Promo Calendar'!$F$6:$F$400,MATCH($A120,'Promo Calendar'!$O$6:$O$400,0))&IF(COUNTIFS('Promo Calendar'!$A$6:$A$400,$A120,'Promo Calendar'!$L$6:$L$400,"Active")>1," (+"&(COUNTIFS('Promo Calendar'!$A$6:$A$400,$A120,'Promo Calendar'!$L$6:$L$400,"Active")-1)&" more)",""))) | P120: =IF($A120="","",IF(COUNTIFS('Promo Calendar'!$A$6:$A$400,$A120,'Promo Calendar'!$L$6:$L$400,"Active",'Promo Calendar'!$G$6:$G$400,">0")>0,_xlfn.MINIFS('Promo Calendar'!$G$6:$G$400,'Promo Calendar'!$A$6:$A$400,$A120,'Promo Calendar'!$L$6:$L$400,"Active",'Promo Calendar'!$G$6:$G$400,">0"),IF(M120="","Not set",M120))) | Q120: =IF($A120="","",IF(COUNTIFS('Promo Calendar'!$A$6:$A$400,$A120,'Promo Calendar'!$I$6:$I$400,">"&TODAY())=0,"None scheduled",_xlfn.MINIFS('Promo Calendar'!$I$6:$I$400,'Promo Calendar'!$A$6:$A$400,$A120,'Promo Calendar'!$I$6:$I$400,">"&TODAY()))) | W120: =IF($A120="","",COUNTIFS('Visit Log'!$C$6:$C$1005,$A120,'Visit Log'!$A$6:$A$1005,">="&TODAY()-30)) | X120: =IF($A120="","",COUNTIFS('Visit Log'!$C$6:$C$1005,$A120,'Visit Log'!$T$6:$T$1005,"Open")+COUNTIFS('Visit Log'!$C$6:$C$1005,$A120,'Visit Log'!$T$6:$T$1005,"In Progress")) | Y120: =IF($A120="","",IF(COUNTIFS('Visit Log'!$C$6:$C$1005,$A120)=0,"No visits",_xlfn.MAXIFS('Visit Log'!$A$6:$A$1005,'Visit Log'!$C$6:$C$1005,$A120)))

Sheet Promo Calendar
A1: PROMO CALENDAR
A2: One row per promo window. Status updates automatically from today's date. Unit Retail drives the expected shelf price; leave it blank for case-cost-only rows. SKU 'All' applies to every SKU in the program.
A4: PROGRAM | E4: OFFER | I4: WINDOW
A5: Program ID | B5: Brand | C5: Account / Division | D5: SKU / Pack | E5: Offer Type | F5: Offer | G5: Unit Retail ($) | H5: Case Cost ($) | I5: Start | J5: End | K5: Display Required | L5: Status | M5: Days Left | N5: Source | O5: Active Key (helper)
A6: Fever-Tree | Harmons | B6: =IF($A6="","",IFERROR(INDEX('Chain Program'!$B$6:$B$120,MATCH($A6,'Chain Program'!$A$6:$A$120,0)),"Unknown ID")) | C6: =IF($A6="","",IFERROR(INDEX('Chain Program'!$D$6:$D$120,MATCH($A6,'Chain Program'!$A$6:$A$120,0)),"Unknown ID")) | D6: 4pk | E6: TPR + Display | F6: 4pk $4.99 | G6: 4.99 | I6: 46235 | J6: 46265 | K6: Y | L6: =IF(OR($A6="",$I6="",$J6=""),"",IF(TODAY()<$I6,"Upcoming",IF(TODAY()>$J6,"Expired","Active"))) | M6: =IF($L6="Active",$J6-TODAY(),"") | N6: Non-Alc Chain 9/8/26 | O6: =IF($L6="Active",$A6,"")
A7: Fever-Tree | Harmons | B7: =IF($A7="","",IFERROR(INDEX('Chain Program'!$B$6:$B$120,MATCH($A7,'Chain Program'!$A$6:$A$120,0)),"Unknown ID")) | C7: =IF($A7="","",IFERROR(INDEX('Chain Program'!$D$6:$D$120,MATCH($A7,'Chain Program'!$A$6:$A$120,0)),"Unknown ID")) | D7: 8pk | E7: TPR + Display | F7: 8pk $5.99 | G7: 5.99 | I7: 46235 | J7: 46265 | K7: Y | L7: =IF(OR($A7="",$I7="",$J7=""),"",IF(TODAY()<$I7,"Upcoming",IF(TODAY()>$J7,"Expired","Active"))) | M7: =IF($L7="Active",$J7-TODAY(),"") | N7: Non-Alc Chain 9/8/26 | O7: =IF($L7="Active",$A7,"")
A8: Fever-Tree | Harmons | B8: =IF($A8="","",IFERROR(INDEX('Chain Program'!$B$6:$B$120,MATCH($A8,'Chain Program'!$A$6:$A$120,0)),"Unknown ID")) | C8: =IF($A8="","",IFERROR(INDEX('Chain Program'!$D$6:$D$120,MATCH($A8,'Chain Program'!$A$6:$A$120,0)),"Unknown ID")) | D8: 500mL | E8: TPR + Display | F8: 500mL 2 for $5 | G8: 2.5 | I8: 46235 | J8: 46265 | K8: Y | L8: =IF(OR($A8="",$I8="",$J8=""),"",IF(TODAY()<$I8,"Upcoming",IF(TODAY()>$J8,"Expired","Active"))) | M8: =IF($L8="Active",$J8-TODAY(),"") | N8: Non-Alc Chain 9/8/26 | O8: =IF($L8="Active",$A8,"")
A9: Fever-Tree | Harmons | B9: =IF($A9="","",IFERROR(INDEX('Chain Program'!$B$6:$B$120,MATCH($A9,'Chain Program'!$A$6:$A$120,0)),"Unknown ID")) | C9: =IF($A9="","",IFERROR(INDEX('Chain Program'!$D$6:$D$120,MATCH($A9,'Chain Program'!$A$6:$A$120,0)),"Unknown ID")) | D9: 4pk | E9: TPR + Display | F9: 4pk $4.99 | G9: 4.99 | I9: 46327 | J9: 46356 | K9: Y | L9: =IF(OR($A9="",$I9="",$J9=""),"",IF(TODAY()<$I9,"Upcoming",IF(TODAY()>$J9,"Expired","Active"))) | M9: =IF($L9="Active",$J9-TODAY(),"") | N9: Non-Alc Chain 9/8/26 | O9: =IF($L9="Active",$A9,"")
A10: Fever-Tree | Harmons | B10: =IF($A10="","",IFERROR(INDEX('Chain Program'!$B$6:$B$120,MATCH($A10,'Chain Program'!$A$6:$A$120,0)),"Unknown ID")) | C10: =IF($A10="","",IFERROR(INDEX('Chain Program'!$D$6:$D$120,MATCH($A10,'Chain Program'!$A$6:$A$120,0)),"Unknown ID")) | D10: 8pk | E10: TPR + Display | F10: 8pk $5.99 | G10: 5.99 | I10: 46327 | J10: 46356 | K10: Y | L10: =IF(OR($A10="",$I10="",$J10=""),"",IF(TODAY()<$I10,"Upcoming",IF(TODAY()>$J10,"Expired","Active"))) | M10: =IF($L10="Active",$J10-TODAY(),"") | N10: Non-Alc Chain 9/8/26 | O10: =IF($L10="Active",$A10,"")
A11: Fever-Tree | Harmons | B11: =IF($A11="","",IFERROR(INDEX('Chain Program'!$B$6:$B$120,MATCH($A11,'Chain Program'!$A$6:$A$120,0)),"Unknown ID")) | C11: =IF($A11="","",IFERROR(INDEX('Chain Program'!$D$6:$D$120,MATCH($A11,'Chain Program'!$A$6:$A$120,0)),"Unknown ID")) | D11: 500mL | E11: TPR + Display | F11: 500mL 2 for $5 | G11: 2.5 | I11: 46327 | J11: 46356 | K11: Y | L11: =IF(OR($A11="",$I11="",$J11=""),"",IF(TODAY()<$I11,"Upcoming",IF(TODAY()>$J11,"Expired","Active"))) | M11: =IF($L11="Active",$J11-TODAY(),"") | N11: Non-Alc Chain 9/8/26 | O11: =IF($L11="Active",$A11,"")
A12: Fever-Tree | Harmons | B12: =IF($A12="","",IFERROR(INDEX('Chain Program'!$B$6:$B$120,MATCH($A12,'Chain Program'!$A$6:$A$120,0)),"Unknown ID")) | C12: =IF($A12="","",IFERROR(INDEX('Chain Program'!$D$6:$D$120,MATCH($A12,'Chain Program'!$A$6:$A$120,0)),"Unknown ID")) | D12: 4pk | E12: TPR + Display | F12: 4pk $4.99 | G12: 4.99 | I12: 46357 | J12: 46387 | K12: Y | L12: =IF(OR($A12="",$I12="",$J12=""),"",IF(TODAY()<$I12,"Upcoming",IF(TODAY()>$J12,"Expired","Active"))) | M12: =IF($L12="Active",$J12-TODAY(),"") | N12: Non-Alc Chain 9/8/26 | O12: =IF($L12="Active",$A12,"")
A13: Fever-Tree | Harmons | B13: =IF($A13="","",IFERROR(INDEX('Chain Program'!$B$6:$B$120,MATCH($A13,'Chain Program'!$A$6:$A$120,0)),"Unknown ID")) | C13: =IF($A13="","",IFERROR(INDEX('Chain Program'!$D$6:$D$120,MATCH($A13,'Chain Program'!$A$6:$A$120,0)),"Unknown ID")) | D13: 8pk | E13: TPR + Display | F13: 8pk $5.99 | G13: 5.99 | I13: 46357 | J13: 46387 | K13: Y | L13: =IF(OR($A13="",$I13="",$J13=""),"",IF(TODAY()<$I13,"Upcoming",IF(TODAY()>$J13,"Expired","Active"))) | M13: =IF($L13="Active",$J13-TODAY(),"") | N13: Non-Alc Chain 9/8/26 | O13: =IF($L13="Active",$A13,"")
A14: Fever-Tree | Harmons | B14: =IF($A14="","",IFERROR(INDEX('Chain Program'!$B$6:$B$120,MATCH($A14,'Chain Program'!$A$6:$A$120,0)),"Unknown ID")) | C14: =IF($A14="","",IFERROR(INDEX('Chain Program'!$D$6:$D$120,MATCH($A14,'Chain Program'!$A$6:$A$120,0)),"Unknown ID")) | D14: 500mL | E14: TPR + Display | F14: 500mL 2 for $5 | G14: 2.5 | I14: 46357 | J14: 46387 | K14: Y | L14: =IF(OR($A14="",$I14="",$J14=""),"",IF(TODAY()<$I14,"Upcoming",IF(TODAY()>$J14,"Expired","Active"))) | M14: =IF($L14="Active",$J14-TODAY(),"") | N14: Non-Alc Chain 9/8/26 | O14: =IF($L14="Active",$A14,"")
A15: Henry's | WinCo Foods | B15: =IF($A15="","",IFERROR(INDEX('Chain Program'!$B$6:$B$120,MATCH($A15,'Chain Program'!$A$6:$A$120,0)),"Unknown ID")) | C15: =IF($A15="","",IFERROR(INDEX('Chain Program'!$D$6:$D$120,MATCH($A15,'Chain Program'!$A$6:$A$120,0)),"Unknown ID")) | D15: All | E15: Frontline TPR | F15: Frontline TPR ($23 frontline) | H15: 23 | I15: 46174 | J15: 46182 | K15: N | L15: =IF(OR($A15="",$I15="",$J15=""),"",IF(TODAY()<$I15,"Upcoming",IF(TODAY()>$J15,"Expired","Active"))) | M15: =IF($L15="Active",$J15-TODAY(),"") | N15: Non-Alc Chain 9/8/26 | O15: =IF($L15="Active",$A15,"")
A16: Henry's | WinCo Foods | B16: =IF($A16="","",IFERROR(INDEX('Chain Program'!$B$6:$B$120,MATCH($A16,'Chain Program'!$A$6:$A$120,0)),"Unknown ID")) | C16: =IF($A16="","",IFERROR(INDEX('Chain Program'!$D$6:$D$120,MATCH($A16,'Chain Program'!$A$6:$A$120,0)),"Unknown ID")) | D16: All | E16: Frontline TPR | F16: Frontline TPR ($23 frontline) | H16: 23 | I16: 46183 | J16: 46196 | K16: N | L16: =IF(OR($A16="",$I16="",$J16=""),"",IF(TODAY()<$I16,"Upcoming",IF(TODAY()>$J16,"Expired","Active"))) | M16: =IF($L16="Active",$J16-TODAY(),"") | N16: Non-Alc Chain 9/8/26 | O16: =IF($L16="Active",$A16,"")
A17: Henry's | WinCo Foods | B17: =IF($A17="","",IFERROR(INDEX('Chain Program'!$B$6:$B$120,MATCH($A17,'Chain Program'!$A$6:$A$120,0)),"Unknown ID")) | C17: =IF($A17="","",IFERROR(INDEX('Chain Program'!$D$6:$D$120,MATCH($A17,'Chain Program'!$A$6:$A$120,0)),"Unknown ID")) | D17: All | E17: TPR + Display | F17: Tier 2 $19.55 TPR + display | H17: 19.55 | I17: 46197 | J17: 46210 | K17: Y | L17: =IF(OR($A17="",$I17="",$J17=""),"",IF(TODAY()<$I17,"Upcoming",IF(TODAY()>$J17,"Expired","Active"))) | M17: =IF($L17="Active",$J17-TODAY(),"") | N17: Non-Alc Chain 9/8/26 | O17: =IF($L17="Active",$A17,"")
A18: Henry's | WinCo Foods | B18: =IF($A18="","",IFERROR(INDEX('Chain Program'!$B$6:$B$120,MATCH($A18,'Chain Program'!$A$6:$A$120,0)),"Unknown ID")) | C18: =IF($A18="","",IFERROR(INDEX('Chain Program'!$D$6:$D$120,MATCH($A18,'Chain Program'!$A$6:$A$120,0)),"Unknown ID")) | D18: All | E18: TPR + Display | F18: Tier 2 $19.55 TPR + display | H18: 19.55 | I18: 46211 | J18: 46224 | K18: Y | L18: =IF(OR($A18="",$I18="",$J18=""),"",IF(TODAY()<$I18,"Upcoming",IF(TODAY()>$J18,"Expired","Active"))) | M18: =IF($L18="Active",$J18-TODAY(),"") | N18: Non-Alc Chain 9/8/26 | O18: =IF($L18="Active",$A18,"")
A19: Henry's | WinCo Foods | B19: =IF($A19="","",IFERROR(INDEX('Chain Program'!$B$6:$B$120,MATCH($A19,'Chain Program'!$A$6:$A$120,0)),"Unknown ID")) | C19: =IF($A19="","",IFERROR(INDEX('Chain Program'!$D$6:$D$120,MATCH($A19,'Chain Program'!$A$6:$A$120,0)),"Unknown ID")) | D19: All | E19: Frontline TPR | F19: Frontline TPR ($23 frontline) | H19: 23 | I19: 46225 | J19: 46238 | K19: N | L19: =IF(OR($A19="",$I19="",$J19=""),"",IF(TODAY()<$I19,"Upcoming",IF(TODAY()>$J19,"Expired","Active"))) | M19: =IF($L19="Active",$J19-TODAY(),"") | N19: Non-Alc Chain 9/8/26 | O19: =IF($L19="Active",$A19,"")
A20: Henry's | WinCo Foods | B20: =IF($A20="","",IFERROR(INDEX('Chain Program'!$B$6:$B$120,MATCH($A20,'Chain Program'!$A$6:$A$120,0)),"Unknown ID")) | C20: =IF($A20="","",IFERROR(INDEX('Chain Program'!$D$6:$D$120,MATCH($A20,'Chain Program'!$A$6:$A$120,0)),"Unknown ID")) | D20: All | E20: TPR + Display | F20: Tier 2 $19.55 TPR + display | H20: 19.55 | I20: 46239 | J20: 46252 | K20: Y | L20: =IF(OR($A20="",$I20="",$J20=""),"",IF(TODAY()<$I20,"Upcoming",IF(TODAY()>$J20,"Expired","Active"))) | M20: =IF($L20="Active",$J20-TODAY(),"") | N20: Non-Alc Chain 9/8/26 | O20: =IF($L20="Active",$A20,"")
A21: Henry's | WinCo Foods | B21: =IF($A21="","",IFERROR(INDEX('Chain Program'!$B$6:$B$120,MATCH($A21,'Chain Program'!$A$6:$A$120,0)),"Unknown ID")) | C21: =IF($A21="","",IFERROR(INDEX('Chain Program'!$D$6:$D$120,MATCH($A21,'Chain Program'!$A$6:$A$120,0)),"Unknown ID")) | D21: All | E21: Frontline TPR | F21: Frontline TPR ($23 frontline) | H21: 23 | I21: 46253 | J21: 46266 | K21: N | L21: =IF(OR($A21="",$I21="",$J21=""),"",IF(TODAY()<$I21,"Upcoming",IF(TODAY()>$J21,"Expired","Active"))) | M21: =IF($L21="Active",$J21-TODAY(),"") | N21: Non-Alc Chain 9/8/26 | O21: =IF($L21="Active",$A21,"")
A22: Henry's | WinCo Foods | B22: =IF($A22="","",IFERROR(INDEX('Chain Program'!$B$6:$B$120,MATCH($A22,'Chain Program'!$A$6:$A$120,0)),"Unknown ID")) | C22: =IF($A22="","",IFERROR(INDEX('Chain Program'!$D$6:$D$120,MATCH($A22,'Chain Program'!$A$6:$A$120,0)),"Unknown ID")) | D22: All | E22: TPR + Display | F22: Tier 2 $19.55 TPR + display | H22: 19.55 | I22: 46267 | J22: 46280 | K22: Y | L22: =IF(OR($A22="",$I22="",$J22=""),"",IF(TODAY()<$I22,"Upcoming",IF(TODAY()>$J22,"Expired","Active"))) | M22: =IF($L22="Active",$J22-TODAY(),"") | N22: Non-Alc Chain 9/8/26 | O22: =IF($L22="Active",$A22,"")
A23: Henry's | WinCo Foods | B23: =IF($A23="","",IFERROR(INDEX('Chain Program'!$B$6:$B$120,MATCH($A23,'Chain Program'!$A$6:$A$120,0)),"Unknown ID")) | C23: =IF($A23="","",IFERROR(INDEX('Chain Program'!$D$6:$D$120,MATCH($A23,'Chain Program'!$A$6:$A$120,0)),"Unknown ID")) | D23: All | E23: Frontline TPR | F23: Frontline TPR ($23 frontline) | H23: 23 | I23: 46281 | J23: 46294 | K23: N | L23: =IF(OR($A23="",$I23="",$J23=""),"",IF(TODAY()<$I23,"Upcoming",IF(TODAY()>$J23,"Expired","Active"))) | M23: =IF($L23="Active",$J23-TODAY(),"") | N23: Non-Alc Chain 9/8/26 | O23: =IF($L23="Active",$A23,"")
A24: Henry's | WinCo Foods | B24: =IF($A24="","",IFERROR(INDEX('Chain Program'!$B$6:$B$120,MATCH($A24,'Chain Program'!$A$6:$A$120,0)),"Unknown ID")) | C24: =IF($A24="","",IFERROR(INDEX('Chain Program'!$D$6:$D$120,MATCH($A24,'Chain Program'!$A$6:$A$120,0)),"Unknown ID")) | D24: All | E24: Frontline TPR | F24: Frontline TPR ($23 frontline) | H24: 23 | I24: 46295 | J24: 46308 | K24: N | L24: =IF(OR($A24="",$I24="",$J24=""),"",IF(TODAY()<$I24,"Upcoming",IF(TODAY()>$J24,"Expired","Active"))) | M24: =IF($L24="Active",$J24-TODAY(),"") | N24: Non-Alc Chain 9/8/26 | O24: =IF($L24="Active",$A24,"")
A25: Henry's | WinCo Foods | B25: =IF($A25="","",IFERROR(INDEX('Chain Program'!$B$6:$B$120,MATCH($A25,'Chain Program'!$A$6:$A$120,0)),"Unknown ID")) | C25: =IF($A25="","",IFERROR(INDEX('Chain Program'!$D$6:$D$120,MATCH($A25,'Chain Program'!$A$6:$A$120,0)),"Unknown ID")) | D25: All | E25: TPR + Display | F25: Tier 2 $19.55 TPR + display | H25: 19.55 | I25: 46309 | J25: 46322 | K25: Y | L25: =IF(OR($A25="",$I25="",$J25=""),"",IF(TODAY()<$I25,"Upcoming",IF(TODAY()>$J25,"Expired","Active"))) | M25: =IF($L25="Active",$J25-TODAY(),"") | N25: Non-Alc Chain 9/8/26 | O25: =IF($L25="Active",$A25,"")
A26: Henry's | WinCo Foods | B26: =IF($A26="","",IFERROR(INDEX('Chain Program'!$B$6:$B$120,MATCH($A26,'Chain Program'!$A$6:$A$120,0)),"Unknown ID")) | C26: =IF($A26="","",IFERROR(INDEX('Chain Program'!$D$6:$D$120,MATCH($A26,'Chain Program'!$A$6:$A$120,0)),"Unknown ID")) | D26: All | E26: TPR + Display | F26: Tier 2 $19.55 TPR + display | H26: 19.55 | I26: 46323 | J26: 46336 | K26: Y | L26: =IF(OR($A26="",$I26="",$J26=""),"",IF(TODAY()<$I26,"Upcoming",IF(TODAY()>$J26,"Expired","Active"))) | M26: =IF($L26="Active",$J26-TODAY(),"") | N26: Non-Alc Chain 9/8/26 | O26: =IF($L26="Active",$A26,"")
... A31: Henry's | Yoke's Fresh Market | B31: =IF($A31="","",IFERROR(INDEX('Chain Program'!$B$6:$B$120,MATCH($A31,'Chain Program'!$A$6:$A$120,0)),"Unknown ID")) | C31: =IF($A31="","",IFERROR(INDEX('Chain Program'!$D$6:$D$120,MATCH($A31,'Chain Program'!$A$6:$A$120,0)),"Unknown ID")) | D31: All | E31: Case Cost | F31: $19.55 case cost; retail TBD | H31: 19.55 | I31: 46174 | J31: 46273 | K31: N | L31: =IF(OR($A31="",$I31="",$J31=""),"",IF(TODAY()<$I31,"Upcoming",IF(TODAY()>$J31,"Expired","Active"))) | M31: =IF($L31="Active",$J31-TODAY(),"") | N31: Non-Alc Chain 9/8/26 | O31: =IF($L31="Active",$A31,"")
A32: Naked Life | WFM September Feature | B32: =IF($A32="","",IFERROR(INDEX('Chain Program'!$B$6:$B$120,MATCH($A32,'Chain Program'!$A$6:$A$120,0)),"Unknown ID")) | C32: =IF($A32="","",IFERROR(INDEX('Chain Program'!$D$6:$D$120,MATCH($A32,'Chain Program'!$A$6:$A$120,0)),"Unknown ID")) | D32: All | E32: Feature TPR | F32: Promo SRP $9.49 (cost $33.03) | G32: 9.49 | H32: 33.03 | I32: 46267 | J32: 46301 | K32: Y | L32: =IF(OR($A32="",$I32="",$J32=""),"",IF(TODAY()<$I32,"Upcoming",IF(TODAY()>$J32,"Expired","Active"))) | M32: =IF($L32="Active",$J32-TODAY(),"") | N32: Non-Alc Chain 9/8/26 | O32: =IF($L32="Active",$A32,"")
A33: ZOA | Mountain West North | B33: =IF($A33="","",IFERROR(INDEX('Chain Program'!$B$6:$B$120,MATCH($A33,'Chain Program'!$A$6:$A$120,0)),"Unknown ID")) | C33: =IF($A33="","",IFERROR(INDEX('Chain Program'!$D$6:$D$120,MATCH($A33,'Chain Program'!$A$6:$A$120,0)),"Unknown ID")) | D33: All | E33: TPR | F33: 2 for $4 | G33: 2 | I33: 46235 | J33: 46387 | K33: Y | L33: =IF(OR($A33="",$I33="",$J33=""),"",IF(TODAY()<$I33,"Upcoming",IF(TODAY()>$J33,"Expired","Active"))) | M33: =IF($L33="Active",$J33-TODAY(),"") | N33: Non-Alc Chain 9/8/26 | O33: =IF($L33="Active",$A33,"")
A34: ZOA | Mountain West South | B34: =IF($A34="","",IFERROR(INDEX('Chain Program'!$B$6:$B$120,MATCH($A34,'Chain Program'!$A$6:$A$120,0)),"Unknown ID")) | C34: =IF($A34="","",IFERROR(INDEX('Chain Program'!$D$6:$D$120,MATCH($A34,'Chain Program'!$A$6:$A$120,0)),"Unknown ID")) | D34: All | E34: TPR | F34: 2 for $4 | G34: 2 | I34: 46235 | J34: 46387 | K34: Y | L34: =IF(OR($A34="",$I34="",$J34=""),"",IF(TODAY()<$I34,"Upcoming",IF(TODAY()>$J34,"Expired","Active"))) | M34: =IF($L34="Active",$J34-TODAY(),"") | N34: Non-Alc Chain 9/8/26 | O34: =IF($L34="Active",$A34,"")
A35: ZOA | Smart & Final | B35: =IF($A35="","",IFERROR(INDEX('Chain Program'!$B$6:$B$120,MATCH($A35,'Chain Program'!$A$6:$A$120,0)),"Unknown ID")) | C35: =IF($A35="","",IFERROR(INDEX('Chain Program'!$D$6:$D$120,MATCH($A35,'Chain Program'!$A$6:$A$120,0)),"Unknown ID")) | D35: 12pk | E35: TPR | F35: 12-pack $17.99 | G35: 17.99 | I35: 46260 | J35: 46287 | K35: Y | L35: =IF(OR($A35="",$I35="",$J35=""),"",IF(TODAY()<$I35,"Upcoming",IF(TODAY()>$J35,"Expired","Active"))) | M35: =IF($L35="Active",$J35-TODAY(),"") | N35: Non-Alc Chain 9/8/26 | O35: =IF($L35="Active",$A35,"")
A36: ZOA | Smart & Final | B36: =IF($A36="","",IFERROR(INDEX('Chain Program'!$B$6:$B$120,MATCH($A36,'Chain Program'!$A$6:$A$120,0)),"Unknown ID")) | C36: =IF($A36="","",IFERROR(INDEX('Chain Program'!$D$6:$D$120,MATCH($A36,'Chain Program'!$A$6:$A$120,0)),"Unknown ID")) | D36: Singles (Frosted Grape/Tropical Punch) | E36: TPR | F36: Singles 2 for $3 | G36: 1.5 | I36: 46288 | J36: 46329 | K36: Y | L36: =IF(OR($A36="",$I36="",$J36=""),"",IF(TODAY()<$I36,"Upcoming",IF(TODAY()>$J36,"Expired","Active"))) | M36: =IF($L36="Active",$J36-TODAY(),"") | N36: Non-Alc Chain 9/8/26 | O36: =IF($L36="Active",$A36,"")
A37: ZOA | Southwest Division (SWD) | B37: =IF($A37="","",IFERROR(INDEX('Chain Program'!$B$6:$B$120,MATCH($A37,'Chain Program'!$A$6:$A$120,0)),"Unknown ID")) | C37: =IF($A37="","",IFERROR(INDEX('Chain Program'!$D$6:$D$120,MATCH($A37,'Chain Program'!$A$6:$A$120,0)),"Unknown ID")) | D37: All | E37: TPR | F37: 2 for $4 | G37: 2 | I37: 46235 | J37: 46387 | K37: Y | L37: =IF(OR($A37="",$I37="",$J37=""),"",IF(TODAY()<$I37,"Upcoming",IF(TODAY()>$J37,"Expired","Active"))) | M37: =IF($L37="Active",$J37-TODAY(),"") | N37: Non-Alc Chain 9/8/26 | O37: =IF($L37="Active",$A37,"")
A38: ZOA | Yoke's Fresh Market | B38: =IF($A38="","",IFERROR(INDEX('Chain Program'!$B$6:$B$120,MATCH($A38,'Chain Program'!$A$6:$A$120,0)),"Unknown ID")) | C38: =IF($A38="","",IFERROR(INDEX('Chain Program'!$D$6:$D$120,MATCH($A38,'Chain Program'!$A$6:$A$120,0)),"Unknown ID")) | D38: All | E38: Case Cost | F38: $15.30 case cost; retail TBD | H38: 15.3 | I38: 46236 | J38: 46298 | K38: N | L38: =IF(OR($A38="",$I38="",$J38=""),"",IF(TODAY()<$I38,"Upcoming",IF(TODAY()>$J38,"Expired","Active"))) | M38: =IF($L38="Active",$J38-TODAY(),"") | N38: Non-Alc Chain 9/8/26 | O38: =IF($L38="Active",$A38,"")
A39: Henry's | Bashas' | B39: =IF($A39="","",IFERROR(INDEX('Chain Program'!$B$6:$B$120,MATCH($A39,'Chain Program'!$A$6:$A$120,0)),"Unknown ID")) | C39: =IF($A39="","",IFERROR(INDEX('Chain Program'!$D$6:$D$120,MATCH($A39,'Chain Program'!$A$6:$A$120,0)),"Unknown ID")) | D39: All | E39: TPR | F39: TPR $5.99 | G39: 5.99 | I39: 45795 | J39: 45906 | K39: N | L39: =IF(OR($A39="",$I39="",$J39=""),"",IF(TODAY()<$I39,"Upcoming",IF(TODAY()>$J39,"Expired","Active"))) | M39: =IF($L39="Active",$J39-TODAY(),"") | N39: HW Hot Sheet 8/25/25 | O39: =IF($L39="Active",$A39,"")
A40: Henry's | Bashas' | B40: =IF($A40="","",IFERROR(INDEX('Chain Program'!$B$6:$B$120,MATCH($A40,'Chain Program'!$A$6:$A$120,0)),"Unknown ID")) | C40: =IF($A40="","",IFERROR(INDEX('Chain Program'!$D$6:$D$120,MATCH($A40,'Chain Program'!$A$6:$A$120,0)),"Unknown ID")) | D40: All | E40: TPR | F40: TPR $5.99 | G40: 5.99 | I40: 45929 | J40: 46025 | K40: N | L40: =IF(OR($A40="",$I40="",$J40=""),"",IF(TODAY()<$I40,"Upcoming",IF(TODAY()>$J40,"Expired","Active"))) | M40: =IF($L40="Active",$J40-TODAY(),"") | N40: HW Hot Sheet 8/25/25 | O40: =IF($L40="Active",$A40,"")
A41: Henry's | Bi-Mart | B41: =IF($A41="","",IFERROR(INDEX('Chain Program'!$B$6:$B$120,MATCH($A41,'Chain Program'!$A$6:$A$120,0)),"Unknown ID")) | C41: =IF($A41="","",IFERROR(INDEX('Chain Program'!$D$6:$D$120,MATCH($A41,'Chain Program'!$A$6:$A$120,0)),"Unknown ID")) | D41: All | E41: TPR | F41: TPR $4.99 | G41: 4.99 | I41: 45928 | J41: 46025 | K41: N | L41: =IF(OR($A41="",$I41="",$J41=""),"",IF(TODAY()<$I41,"Upcoming",IF(TODAY()>$J41,"Expired","Active"))) | M41: =IF($L41="Active",$J41-TODAY(),"") | N41: HW Hot Sheet 8/25/25 | O41: =IF($L41="Active",$A41,"")
A42: Henry's | C&K / Ray's Food Place / Shop Smart | B42: =IF($A42="","",IFERROR(INDEX('Chain Program'!$B$6:$B$120,MATCH($A42,'Chain Program'!$A$6:$A$120,0)),"Unknown ID")) | C42: =IF($A42="","",IFERROR(INDEX('Chain Program'!$D$6:$D$120,MATCH($A42,'Chain Program'!$A$6:$A$120,0)),"Unknown ID")) | D42: All | E42: TPR | F42: TPR $5.99 | G42: 5.99 | I42: 45938 | J42: 45965 | K42: N | L42: =IF(OR($A42="",$I42="",$J42=""),"",IF(TODAY()<$I42,"Upcoming",IF(TODAY()>$J42,"Expired","Active"))) | M42: =IF($L42="Active",$J42-TODAY(),"") | N42: HW Hot Sheet 8/25/25 | O42: =IF($L42="Active",$A42,"")
A43: Henry's | C&K / Ray's Food Place / Shop Smart | B43: =IF($A43="","",IFERROR(INDEX('Chain Program'!$B$6:$B$120,MATCH($A43,'Chain Program'!$A$6:$A$120,0)),"Unknown ID")) | C43: =IF($A43="","",IFERROR(INDEX('Chain Program'!$D$6:$D$120,MATCH($A43,'Chain Program'!$A$6:$A$120,0)),"Unknown ID")) | D43: All | E43: TPR | F43: TPR $5.99 | G43: 5.99 | I43: 45966 | J43: 45993 | K43: N | L43: =IF(OR($A43="",$I43="",$J43=""),"",IF(TODAY()<$I43,"Upcoming",IF(TODAY()>$J43,"Expired","Active"))) | M43: =IF($L43="Active",$J43-TODAY(),"") | N43: HW Hot Sheet 8/25/25 | O43: =IF($L43="Active",$A43,"")
A44: Henry's | C&K / Ray's Food Place / Shop Smart | B44: =IF($A44="","",IFERROR(INDEX('Chain Program'!$B$6:$B$120,MATCH($A44,'Chain Program'!$A$6:$A$120,0)),"Unknown ID")) | C44: =IF($A44="","",IFERROR(INDEX('Chain Program'!$D$6:$D$120,MATCH($A44,'Chain Program'!$A$6:$A$120,0)),"Unknown ID")) | D44: All | E44: TPR | F44: TPR $5.99 | G44: 5.99 | I44: 45994 | J44: 46021 | K44: N | L44: =IF(OR($A44="",$I44="",$J44=""),"",IF(TODAY()<$I44,"Upcoming",IF(TODAY()>$J44,"Expired","Active"))) | M44: =IF($L44="Active",$J44-TODAY(),"") | N44: HW Hot Sheet 8/25/25 | O44: =IF($L44="Active",$A44,"")
A45: Henry's | Fred Meyer (Div. 701) | B45: =IF($A45="","",IFERROR(INDEX('Chain Program'!$B$6:$B$120,MATCH($A45,'Chain Program'!$A$6:$A$120,0)),"Unknown ID")) | C45: =IF($A45="","",IFERROR(INDEX('Chain Program'!$D$6:$D$120,MATCH($A45,'Chain Program'!$A$6:$A$120,0)),"Unknown ID")) | D45: All | E45: TPR | F45: TPR $6.49 | G45: 6.49 | I45: 45945 | J45: 46025 | K45: N | L45: =IF(OR($A45="",$I45="",$J45=""),"",IF(TODAY()<$I45,"Upcoming",IF(TODAY()>$J45,"Expired","Active"))) | M45: =IF($L45="Active",$J45-TODAY(),"") | N45: HW Hot Sheet 8/25/25 | O45: =IF($L45="Active",$A45,"")
A46: Henry's | Fry's (Div. 660) | B46: =IF($A46="","",IFERROR(INDEX('Chain Program'!$B$6:$B$120,MATCH($A46,'Chain Program'!$A$6:$A$120,0)),"Unknown ID")) | C46: =IF($A46="","",IFERROR(INDEX('Chain Program'!$D$6:$D$120,MATCH($A46,'Chain Program'!$A$6:$A$120,0)),"Unknown ID")) | D46: All | E46: TPR | F46: TPR $6.49 | G46: 6.49 | I46: 45945 | J46: 46025 | K46: N | L46: =IF(OR($A46="",$I46="",$J46=""),"",IF(TODAY()<$I46,"Upcoming",IF(TODAY()>$J46,"Expired","Active"))) | M46: =IF($L46="Active",$J46-TODAY(),"") | N46: HW Hot Sheet 8/25/25 | O46: =IF($L46="Active",$A46,"")
A47: Henry's | Haggen Div. #24 | B47: =IF($A47="","",IFERROR(INDEX('Chain Program'!$B$6:$B$120,MATCH($A47,'Chain Program'!$A$6:$A$120,0)),"Unknown ID")) | C47: =IF($A47="","",IFERROR(INDEX('Chain Program'!$D$6:$D$120,MATCH($A47,'Chain Program'!$A$6:$A$120,0)),"Unknown ID")) | D47: All | E47: TPR | F47: TPR $5.99 | G47: 5.99 | I47: 45809 | J47: 45906 | K47: N | L47: =IF(OR($A47="",$I47="",$J47=""),"",IF(TODAY()<$I47,"Upcoming",IF(TODAY()>$J47,"Expired","Active"))) | M47: =IF($L47="Active",$J47-TODAY(),"") | N47: HW Hot Sheet 8/25/25 | O47: =IF($L47="Active",$A47,"")
A48: Henry's | Haggen Div. #24 | B48: =IF($A48="","",IFERROR(INDEX('Chain Program'!$B$6:$B$120,MATCH($A48,'Chain Program'!$A$6:$A$120,0)),"Unknown ID")) | C48: =IF($A48="","",IFERROR(INDEX('Chain Program'!$D$6:$D$120,MATCH($A48,'Chain Program'!$A$6:$A$120,0)),"Unknown ID")) | D48: All | E48: TPR | F48: TPR $5.99 | G48: 5.99 | I48: 45935 | J48: 46025 | K48: N | L48: =IF(OR($A48="",$I48="",$J48=""),"",IF(TODAY()<$I48,"Upcoming",IF(TODAY()>$J48,"Expired","Active"))) | M48: =IF($L48="Active",$J48-TODAY(),"") | N48: HW Hot Sheet 8/25/25 | O48: =IF($L48="Active",$A48,"")
A49: Henry's | Harvest Foods | B49: =IF($A49="","",IFERROR(INDEX('Chain Program'!$B$6:$B$120,MATCH($A49,'Chain Program'!$A$6:$A$120,0)),"Unknown ID")) | C49: =IF($A49="","",IFERROR(INDEX('Chain Program'!$D$6:$D$120,MATCH($A49,'Chain Program'!$A$6:$A$120,0)),"Unknown ID")) | D49: All | E49: TPR | F49: TPR $5.99 | G49: 5.99 | I49: 45990 | J49: 46025 | K49: N | L49: =IF(OR($A49="",$I49="",$J49=""),"",IF(TODAY()<$I49,"Upcoming",IF(TODAY()>$J49,"Expired","Active"))) | M49: =IF($L49="Active",$J49-TODAY(),"") | N49: HW Hot Sheet 8/25/25 | O49: =IF($L49="Active",$A49,"")
A50: Henry's | Intermountain Div. #30 | B50: =IF($A50="","",IFERROR(INDEX('Chain Program'!$B$6:$B$120,MATCH($A50,'Chain Program'!$A$6:$A$120,0)),"Unknown ID")) | C50: =IF($A50="","",IFERROR(INDEX('Chain Program'!$D$6:$D$120,MATCH($A50,'Chain Program'!$A$6:$A$120,0)),"Unknown ID")) | D50: All | E50: TPR | F50: TPR $5.99 | G50: 5.99 | I50: 45809 | J50: 45906 | K50: N | L50: =IF(OR($A50="",$I50="",$J50=""),"",IF(TODAY()<$I50,"Upcoming",IF(TODAY()>$J50,"Expired","Active"))) | M50: =IF($L50="Active",$J50-TODAY(),"") | N50: HW Hot Sheet 8/25/25 | O50: =IF($L50="Active",$A50,"")
... A86: Henry's | Yoke's Fresh Market | B86: =IF($A86="","",IFERROR(INDEX('Chain Program'!$B$6:$B$120,MATCH($A86,'Chain Program'!$A$6:$A$120,0)),"Unknown ID")) | C86: =IF($A86="","",IFERROR(INDEX('Chain Program'!$D$6:$D$120,MATCH($A86,'Chain Program'!$A$6:$A$120,0)),"Unknown ID")) | D86: All | E86: Sweet Deal | F86: Sweet Deal $4.99 | G86: 4.99 | I86: 45959 | J86: 45972 | K86: N | L86: =IF(OR($A86="",$I86="",$J86=""),"",IF(TODAY()<$I86,"Upcoming",IF(TODAY()>$J86,"Expired","Active"))) | M86: =IF($L86="Active",$J86-TODAY(),"") | N86: HW Hot Sheet 8/25/25 | O86: =IF($L86="Active",$A86,"")
B87: =IF($A87="","",IFERROR(INDEX('Chain Program'!$B$6:$B$120,MATCH($A87,'Chain Program'!$A$6:$A$120,0)),"Unknown ID")) | C87: =IF($A87="","",IFERROR(INDEX('Chain Program'!$D$6:$D$120,MATCH($A87,'Chain Program'!$A$6:$A$120,0)),"Unknown ID")) | L87: =IF(OR($A87="",$I87="",$J87=""),"",IF(TODAY()<$I87,"Upcoming",IF(TODAY()>$J87,"Expired","Active"))) | M87: =IF($L87="Active",$J87-TODAY(),"") | O87: =IF($L87="Active",$A87,"")
B88: =IF($A88="","",IFERROR(INDEX('Chain Program'!$B$6:$B$120,MATCH($A88,'Chain Program'!$A$6:$A$120,0)),"Unknown ID")) | C88: =IF($A88="","",IFERROR(INDEX('Chain Program'!$D$6:$D$120,MATCH($A88,'Chain Program'!$A$6:$A$120,0)),"Unknown ID")) | L88: =IF(OR($A88="",$I88="",$J88=""),"",IF(TODAY()<$I88,"Upcoming",IF(TODAY()>$J88,"Expired","Active"))) | M88: =IF($L88="Active",$J88-TODAY(),"") | O88: =IF($L88="Active",$A88,"")
B89: =IF($A89="","",IFERROR(INDEX('Chain Program'!$B$6:$B$120,MATCH($A89,'Chain Program'!$A$6:$A$120,0)),"Unknown ID")) | C89: =IF($A89="","",IFERROR(INDEX('Chain Program'!$D$6:$D$120,MATCH($A89,'Chain Program'!$A$6:$A$120,0)),"Unknown ID")) | L89: =IF(OR($A89="",$I89="",$J89=""),"",IF(TODAY()<$I89,"Upcoming",IF(TODAY()>$J89,"Expired","Active"))) | M89: =IF($L89="Active",$J89-TODAY(),"") | O89: =IF($L89="Active",$A89,"")
B90: =IF($A90="","",IFERROR(INDEX('Chain Program'!$B$6:$B$120,MATCH($A90,'Chain Program'!$A$6:$A$120,0)),"Unknown ID")) | C90: =IF($A90="","",IFERROR(INDEX('Chain Program'!$D$6:$D$120,MATCH($A90,'Chain Program'!$A$6:$A$120,0)),"Unknown ID")) | L90: =IF(OR($A90="",$I90="",$J90=""),"",IF(TODAY()<$I90,"Upcoming",IF(TODAY()>$J90,"Expired","Active"))) | M90: =IF($L90="Active",$J90-TODAY(),"") | O90: =IF($L90="Active",$A90,"")
B91: =IF($A91="","",IFERROR(INDEX('Chain Program'!$B$6:$B$120,MATCH($A91,'Chain Program'!$A$6:$A$120,0)),"Unknown ID")) | C91: =IF($A91="","",IFERROR(INDEX('Chain Program'!$D$6:$D$120,MATCH($A91,'Chain Program'!$A$6:$A$120,0)),"Unknown ID")) | L91: =IF(OR($A91="",$I91="",$J91=""),"",IF(TODAY()<$I91,"Upcoming",IF(TODAY()>$J91,"Expired","Active"))) | M91: =IF($L91="Active",$J91-TODAY(),"") | O91: =IF($L91="Active",$A91,"")
B92: =IF($A92="","",IFERROR(INDEX('Chain Program'!$B$6:$B$120,MATCH($A92,'Chain Program'!$A$6:$A$120,0)),"Unknown ID")) | C92: =IF($A92="","",IFERROR(INDEX('Chain Program'!$D$6:$D$120,MATCH($A92,'Chain Program'!$A$6:$A$120,0)),"Unknown ID")) | L92: =IF(OR($A92="",$I92="",$J92=""),"",IF(TODAY()<$I92,"Upcoming",IF(TODAY()>$J92,"Expired","Active"))) | M92: =IF($L92="Active",$J92-TODAY(),"") | O92: =IF($L92="Active",$A92,"")
B93: =IF($A93="","",IFERROR(INDEX('Chain Program'!$B$6:$B$120,MATCH($A93,'Chain Program'!$A$6:$A$120,0)),"Unknown ID")) | C93: =IF($A93="","",IFERROR(INDEX('Chain Program'!$D$6:$D$120,MATCH($A93,'Chain Program'!$A$6:$A$120,0)),"Unknown ID")) | L93: =IF(OR($A93="",$I93="",$J93=""),"",IF(TODAY()<$I93,"Upcoming",IF(TODAY()>$J93,"Expired","Active"))) | M93: =IF($L93="Active",$J93-TODAY(),"") | O93: =IF($L93="Active",$A93,"")
B94: =IF($A94="","",IFERROR(INDEX('Chain Program'!$B$6:$B$120,MATCH($A94,'Chain Program'!$A$6:$A$120,0)),"Unknown ID")) | C94: =IF($A94="","",IFERROR(INDEX('Chain Program'!$D$6:$D$120,MATCH($A94,'Chain Program'!$A$6:$A$120,0)),"Unknown ID")) | L94: =IF(OR($A94="",$I94="",$J94=""),"",IF(TODAY()<$I94,"Upcoming",IF(TODAY()>$J94,"Expired","Active"))) | M94: =IF($L94="Active",$J94-TODAY(),"") | O94: =IF($L94="Active",$A94,"")
B95: =IF($A95="","",IFERROR(INDEX('Chain Program'!$B$6:$B$120,MATCH($A95,'Chain Program'!$A$6:$A$120,0)),"Unknown ID")) | C95: =IF($A95="","",IFERROR(INDEX('Chain Program'!$D$6:$D$120,MATCH($A95,'Chain Program'!$A$6:$A$120,0)),"Unknown ID")) | L95: =IF(OR($A95="",$I95="",$J95=""),"",IF(TODAY()<$I95,"Upcoming",IF(TODAY()>$J95,"Expired","Active"))) | M95: =IF($L95="Active",$J95-TODAY(),"") | O95: =IF($L95="Active",$A95,"")
B96: =IF($A96="","",IFERROR(INDEX('Chain Program'!$B$6:$B$120,MATCH($A96,'Chain Program'!$A$6:$A$120,0)),"Unknown ID")) | C96: =IF($A96="","",IFERROR(INDEX('Chain Program'!$D$6:$D$120,MATCH($A96,'Chain Program'!$A$6:$A$120,0)),"Unknown ID")) | L96: =IF(OR($A96="",$I96="",$J96=""),"",IF(TODAY()<$I96,"Upcoming",IF(TODAY()>$J96,"Expired","Active"))) | M96: =IF($L96="Active",$J96-TODAY(),"") | O96: =IF($L96="Active",$A96,"")
B97: =IF($A97="","",IFERROR(INDEX('Chain Program'!$B$6:$B$120,MATCH($A97,'Chain Program'!$A$6:$A$120,0)),"Unknown ID")) | C97: =IF($A97="","",IFERROR(INDEX('Chain Program'!$D$6:$D$120,MATCH($A97,'Chain Program'!$A$6:$A$120,0)),"Unknown ID")) | L97: =IF(OR($A97="",$I97="",$J97=""),"",IF(TODAY()<$I97,"Upcoming",IF(TODAY()>$J97,"Expired","Active"))) | M97: =IF($L97="Active",$J97-TODAY(),"") | O97: =IF($L97="Active",$A97,"")
B98: =IF($A98="","",IFERROR(INDEX('Chain Program'!$B$6:$B$120,MATCH($A98,'Chain Program'!$A$6:$A$120,0)),"Unknown ID")) | C98: =IF($A98="","",IFERROR(INDEX('Chain Program'!$D$6:$D$120,MATCH($A98,'Chain Program'!$A$6:$A$120,0)),"Unknown ID")) | L98: =IF(OR($A98="",$I98="",$J98=""),"",IF(TODAY()<$I98,"Upcoming",IF(TODAY()>$J98,"Expired","Active"))) | M98: =IF($L98="Active",$J98-TODAY(),"") | O98: =IF($L98="Active",$A98,"")
... B400: =IF($A400="","",IFERROR(INDEX('Chain Program'!$B$6:$B$120,MATCH($A400,'Chain Program'!$A$6:$A$120,0)),"Unknown ID")) | C400: =IF($A400="","",IFERROR(INDEX('Chain Program'!$D$6:$D$120,MATCH($A400,'Chain Program'!$A$6:$A$120,0)),"Unknown ID")) | L400: =IF(OR($A400="",$I400="",$J400=""),"",IF(TODAY()<$I400,"Upcoming",IF(TODAY()>$J400,"Expired","Active"))) | M400: =IF($L400="Active",$J400-TODAY(),"") | O400: =IF($L400="Active",$A400,"")

Sheet Visit Log
A1: VISIT LOG - STORE AUDITS & NOTES
A2: Reps fill the yellow cells only, one row per store / SKU check, newest at the bottom. Grey cells calculate. Row 6 is an EXAMPLE - delete it before go-live.
A4: VISIT | H4: PRICING | K4: SHELF & DISPLAY | O4: DISCREPANCY & NOTES | R4: ACCOUNTABILITY
A5: Visit Date | B5: Rep | C5: Program ID | D5: Brand | E5: Account / Division | F5: Store # / Location | G5: SKU / Pack Checked | H5: Expected Price ($) | I5: Observed Shelf Price ($) | J5: Price Check | K5: Shelf Tag Correct? | L5: Shelf Location per Planogram? | M5: All Authorized SKUs In Stock? | N5: Display per Callout? | O5: Discrepancy Type | P5: Visit Notes | Q5: Follow-up Action | R5: Follow-up Owner | S5: Due Date | T5: Status | U5: Resolved Date | V5: Days Open | W5: History Match (helper) | X5: History Rank (helper)
A6: 46289 | B6: EXAMPLE - delete me | C6: ZOA | Smart & Final | D6: =IF($C6="","",IFERROR(INDEX('Chain Program'!$B$6:$B$120,MATCH($C6,'Chain Program'!$A$6:$A$120,0)),"Unknown ID")) | E6: =IF($C6="","",IFERROR(INDEX('Chain Program'!$D$6:$D$120,MATCH($C6,'Chain Program'!$A$6:$A$120,0)),"Unknown ID")) | F6: Example store #000 - Anytown | G6: Singles (Frosted Grape/Tropical Punch) | H6: =IF(OR($C6="",$A6=""),"",IF(COUNTIFS('Promo Calendar'!$A$6:$A$400,$C6,'Promo Calendar'!$D$6:$D$400,IF($G6="","All",$G6),'Promo Calendar'!$I$6:$I$400,"<="&$A6,'Promo Calendar'!$J$6:$J$400,">="&$A6,'Promo Calendar'!$G$6:$G$400,">0")>0,_xlfn.MINIFS('Promo Calendar'!$G$6:$G$400,'Promo Calendar'!$A$6:$A$400,$C6,'Promo Calendar'!$D$6:$D$400,IF($G6="","All",$G6),'Promo Calendar'!$I$6:$I$400,"<="&$A6,'Promo Calendar'!$J$6:$J$400,">="&$A6,'Promo Calendar'!$G$6:$G$400,">0"),IF(COUNTIFS('Promo Calendar'!$A$6:$A$400,$C6,'Promo Calendar'!$D$6:$D$400,"All",'Promo Calendar'!$I$6:$I$400,"<="&$A6,'Promo Calendar'!$J$6:$J$400,">="&$A6,'Promo Calendar'!$G$6:$G$400,">0")>0,_xlfn.MINIFS('Promo Calendar'!$G$6:$G$400,'Promo Calendar'!$A$6:$A$400,$C6,'Promo Calendar'!$D$6:$D$400,"All",'Promo Calendar'!$I$6:$I$400,"<="&$A6,'Promo Calendar'!$J$6:$J$400,">="&$A6,'Promo Calendar'!$G$6:$G$400,">0"),IFERROR(IF(INDEX('Chain Program'!$M$6:$M$120,MATCH($C6,'Chain Program'!$A$6:$A$120,0))="","Not set",INDEX('Chain Program'!$M$6:$M$120,MATCH($C6,'Chain Program'!$A$6:$A$120,0))),"Not set")))) | I6: 1.79 | J6: =IF($I6="","",IF(NOT(ISNUMBER($H6)),"No plan price",IF(ABS($I6-$H6)<0.005,"Match",IF($I6>$H6,"Over plan","Under plan")))) | K6: N | L6: Y | M6: Y | N6: No | O6: Price - over plan | P6: Singles ringing $1.79 each; 2 for $3 tag not up. No display built yet. | Q6: Ask store manager to run the 2/$3 tag; resubmit display authorization. | R6: EXAMPLE - delete me | S6: 46296 | T6: Open | V6: =IF(OR($A6="",$T6="",$T6="No Issue"),"",IF($T6="Resolved",IF($U6="","",$U6-$A6),TODAY()-$A6)) | W6: =IF(AND($C6<>"",$C6='Store History'!$C$4,OR('Store History'!$C$5="",$F6='Store History'!$C$5)),1,0) | X6: =IF($W6=1,SUM($W6:$W$1005),"")
D7: =IF($C7="","",IFERROR(INDEX('Chain Program'!$B$6:$B$120,MATCH($C7,'Chain Program'!$A$6:$A$120,0)),"Unknown ID")) | E7: =IF($C7="","",IFERROR(INDEX('Chain Program'!$D$6:$D$120,MATCH($C7,'Chain Program'!$A$6:$A$120,0)),"Unknown ID")) | H7: =IF(OR($C7="",$A7=""),"",IF(COUNTIFS('Promo Calendar'!$A$6:$A$400,$C7,'Promo Calendar'!$D$6:$D$400,IF($G7="","All",$G7),'Promo Calendar'!$I$6:$I$400,"<="&$A7,'Promo Calendar'!$J$6:$J$400,">="&$A7,'Promo Calendar'!$G$6:$G$400,">0")>0,_xlfn.MINIFS('Promo Calendar'!$G$6:$G$400,'Promo Calendar'!$A$6:$A$400,$C7,'Promo Calendar'!$D$6:$D$400,IF($G7="","All",$G7),'Promo Calendar'!$I$6:$I$400,"<="&$A7,'Promo Calendar'!$J$6:$J$400,">="&$A7,'Promo Calendar'!$G$6:$G$400,">0"),IF(COUNTIFS('Promo Calendar'!$A$6:$A$400,$C7,'Promo Calendar'!$D$6:$D$400,"All",'Promo Calendar'!$I$6:$I$400,"<="&$A7,'Promo Calendar'!$J$6:$J$400,">="&$A7,'Promo Calendar'!$G$6:$G$400,">0")>0,_xlfn.MINIFS('Promo Calendar'!$G$6:$G$400,'Promo Calendar'!$A$6:$A$400,$C7,'Promo Calendar'!$D$6:$D$400,"All",'Promo Calendar'!$I$6:$I$400,"<="&$A7,'Promo Calendar'!$J$6:$J$400,">="&$A7,'Promo Calendar'!$G$6:$G$400,">0"),IFERROR(IF(INDEX('Chain Program'!$M$6:$M$120,MATCH($C7,'Chain Program'!$A$6:$A$120,0))="","Not set",INDEX('Chain Program'!$M$6:$M$120,MATCH($C7,'Chain Program'!$A$6:$A$120,0))),"Not set")))) | J7: =IF($I7="","",IF(NOT(ISNUMBER($H7)),"No plan price",IF(ABS($I7-$H7)<0.005,"Match",IF($I7>$H7,"Over plan","Under plan")))) | V7: =IF(OR($A7="",$T7="",$T7="No Issue"),"",IF($T7="Resolved",IF($U7="","",$U7-$A7),TODAY()-$A7)) | W7: =IF(AND($C7<>"",$C7='Store History'!$C$4,OR('Store History'!$C$5="",$F7='Store History'!$C$5)),1,0) | X7: =IF($W7=1,SUM($W7:$W$1005),"")
D8: =IF($C8="","",IFERROR(INDEX('Chain Program'!$B$6:$B$120,MATCH($C8,'Chain Program'!$A$6:$A$120,0)),"Unknown ID")) | E8: =IF($C8="","",IFERROR(INDEX('Chain Program'!$D$6:$D$120,MATCH($C8,'Chain Program'!$A$6:$A$120,0)),"Unknown ID")) | H8: =IF(OR($C8="",$A8=""),"",IF(COUNTIFS('Promo Calendar'!$A$6:$A$400,$C8,'Promo Calendar'!$D$6:$D$400,IF($G8="","All",$G8),'Promo Calendar'!$I$6:$I$400,"<="&$A8,'Promo Calendar'!$J$6:$J$400,">="&$A8,'Promo Calendar'!$G$6:$G$400,">0")>0,_xlfn.MINIFS('Promo Calendar'!$G$6:$G$400,'Promo Calendar'!$A$6:$A$400,$C8,'Promo Calendar'!$D$6:$D$400,IF($G8="","All",$G8),'Promo Calendar'!$I$6:$I$400,"<="&$A8,'Promo Calendar'!$J$6:$J$400,">="&$A8,'Promo Calendar'!$G$6:$G$400,">0"),IF(COUNTIFS('Promo Calendar'!$A$6:$A$400,$C8,'Promo Calendar'!$D$6:$D$400,"All",'Promo Calendar'!$I$6:$I$400,"<="&$A8,'Promo Calendar'!$J$6:$J$400,">="&$A8,'Promo Calendar'!$G$6:$G$400,">0")>0,_xlfn.MINIFS('Promo Calendar'!$G$6:$G$400,'Promo Calendar'!$A$6:$A$400,$C8,'Promo Calendar'!$D$6:$D$400,"All",'Promo Calendar'!$I$6:$I$400,"<="&$A8,'Promo Calendar'!$J$6:$J$400,">="&$A8,'Promo Calendar'!$G$6:$G$400,">0"),IFERROR(IF(INDEX('Chain Program'!$M$6:$M$120,MATCH($C8,'Chain Program'!$A$6:$A$120,0))="","Not set",INDEX('Chain Program'!$M$6:$M$120,MATCH($C8,'Chain Program'!$A$6:$A$120,0))),"Not set")))) | J8: =IF($I8="","",IF(NOT(ISNUMBER($H8)),"No plan price",IF(ABS($I8-$H8)<0.005,"Match",IF($I8>$H8,"Over plan","Under plan")))) | V8: =IF(OR($A8="",$T8="",$T8="No Issue"),"",IF($T8="Resolved",IF($U8="","",$U8-$A8),TODAY()-$A8)) | W8: =IF(AND($C8<>"",$C8='Store History'!$C$4,OR('Store History'!$C$5="",$F8='Store History'!$C$5)),1,0) | X8: =IF($W8=1,SUM($W8:$W$1005),"")
D9: =IF($C9="","",IFERROR(INDEX('Chain Program'!$B$6:$B$120,MATCH($C9,'Chain Program'!$A$6:$A$120,0)),"Unknown ID")) | E9: =IF($C9="","",IFERROR(INDEX('Chain Program'!$D$6:$D$120,MATCH($C9,'Chain Program'!$A$6:$A$120,0)),"Unknown ID")) | H9: =IF(OR($C9="",$A9=""),"",IF(COUNTIFS('Promo Calendar'!$A$6:$A$400,$C9,'Promo Calendar'!$D$6:$D$400,IF($G9="","All",$G9),'Promo Calendar'!$I$6:$I$400,"<="&$A9,'Promo Calendar'!$J$6:$J$400,">="&$A9,'Promo Calendar'!$G$6:$G$400,">0")>0,_xlfn.MINIFS('Promo Calendar'!$G$6:$G$400,'Promo Calendar'!$A$6:$A$400,$C9,'Promo Calendar'!$D$6:$D$400,IF($G9="","All",$G9),'Promo Calendar'!$I$6:$I$400,"<="&$A9,'Promo Calendar'!$J$6:$J$400,">="&$A9,'Promo Calendar'!$G$6:$G$400,">0"),IF(COUNTIFS('Promo Calendar'!$A$6:$A$400,$C9,'Promo Calendar'!$D$6:$D$400,"All",'Promo Calendar'!$I$6:$I$400,"<="&$A9,'Promo Calendar'!$J$6:$J$400,">="&$A9,'Promo Calendar'!$G$6:$G$400,">0")>0,_xlfn.MINIFS('Promo Calendar'!$G$6:$G$400,'Promo Calendar'!$A$6:$A$400,$C9,'Promo Calendar'!$D$6:$D$400,"All",'Promo Calendar'!$I$6:$I$400,"<="&$A9,'Promo Calendar'!$J$6:$J$400,">="&$A9,'Promo Calendar'!$G$6:$G$400,">0"),IFERROR(IF(INDEX('Chain Program'!$M$6:$M$120,MATCH($C9,'Chain Program'!$A$6:$A$120,0))="","Not set",INDEX('Chain Program'!$M$6:$M$120,MATCH($C9,'Chain Program'!$A$6:$A$120,0))),"Not set")))) | J9: =IF($I9="","",IF(NOT(ISNUMBER($H9)),"No plan price",IF(ABS($I9-$H9)<0.005,"Match",IF($I9>$H9,"Over plan","Under plan")))) | V9: =IF(OR($A9="",$T9="",$T9="No Issue"),"",IF($T9="Resolved",IF($U9="","",$U9-$A9),TODAY()-$A9)) | W9: =IF(AND($C9<>"",$C9='Store History'!$C$4,OR('Store History'!$C$5="",$F9='Store History'!$C$5)),1,0) | X9: =IF($W9=1,SUM($W9:$W$1005),"")
D10: =IF($C10="","",IFERROR(INDEX('Chain Program'!$B$6:$B$120,MATCH($C10,'Chain Program'!$A$6:$A$120,0)),"Unknown ID")) | E10: =IF($C10="","",IFERROR(INDEX('Chain Program'!$D$6:$D$120,MATCH($C10,'Chain Program'!$A$6:$A$120,0)),"Unknown ID")) | H10: =IF(OR($C10="",$A10=""),"",IF(COUNTIFS('Promo Calendar'!$A$6:$A$400,$C10,'Promo Calendar'!$D$6:$D$400,IF($G10="","All",$G10),'Promo Calendar'!$I$6:$I$400,"<="&$A10,'Promo Calendar'!$J$6:$J$400,">="&$A10,'Promo Calendar'!$G$6:$G$400,">0")>0,_xlfn.MINIFS('Promo Calendar'!$G$6:$G$400,'Promo Calendar'!$A$6:$A$400,$C10,'Promo Calendar'!$D$6:$D$400,IF($G10="","All",$G10),'Promo Calendar'!$I$6:$I$400,"<="&$A10,'Promo Calendar'!$J$6:$J$400,">="&$A10,'Promo Calendar'!$G$6:$G$400,">0"),IF(COUNTIFS('Promo Calendar'!$A$6:$A$400,$C10,'Promo Calendar'!$D$6:$D$400,"All",'Promo Calendar'!$I$6:$I$400,"<="&$A10,'Promo Calendar'!$J$6:$J$400,">="&$A10,'Promo Calendar'!$G$6:$G$400,">0")>0,_xlfn.MINIFS('Promo Calendar'!$G$6:$G$400,'Promo Calendar'!$A$6:$A$400,$C10,'Promo Calendar'!$D$6:$D$400,"All",'Promo Calendar'!$I$6:$I$400,"<="&$A10,'Promo Calendar'!$J$6:$J$400,">="&$A10,'Promo Calendar'!$G$6:$G$400,">0"),IFERROR(IF(INDEX('Chain Program'!$M$6:$M$120,MATCH($C10,'Chain Program'!$A$6:$A$120,0))="","Not set",INDEX('Chain Program'!$M$6:$M$120,MATCH($C10,'Chain Program'!$A$6:$A$120,0))),"Not set")))) | J10: =IF($I10="","",IF(NOT(ISNUMBER($H10)),"No plan price",IF(ABS($I10-$H10)<0.005,"Match",IF($I10>$H10,"Over plan","Under plan")))) | V10: =IF(OR($A10="",$T10="",$T10="No Issue"),"",IF($T10="Resolved",IF($U10="","",$U10-$A10),TODAY()-$A10)) | W10: =IF(AND($C10<>"",$C10='Store History'!$C$4,OR('Store History'!$C$5="",$F10='Store History'!$C$5)),1,0) | X10: =IF($W10=1,SUM($W10:$W$1005),"")
D11: =IF($C11="","",IFERROR(INDEX('Chain Program'!$B$6:$B$120,MATCH($C11,'Chain Program'!$A$6:$A$120,0)),"Unknown ID")) | E11: =IF($C11="","",IFERROR(INDEX('Chain Program'!$D$6:$D$120,MATCH($C11,'Chain Program'!$A$6:$A$120,0)),"Unknown ID")) | H11: =IF(OR($C11="",$A11=""),"",IF(COUNTIFS('Promo Calendar'!$A$6:$A$400,$C11,'Promo Calendar'!$D$6:$D$400,IF($G11="","All",$G11),'Promo Calendar'!$I$6:$I$400,"<="&$A11,'Promo Calendar'!$J$6:$J$400,">="&$A11,'Promo Calendar'!$G$6:$G$400,">0")>0,_xlfn.MINIFS('Promo Calendar'!$G$6:$G$400,'Promo Calendar'!$A$6:$A$400,$C11,'Promo Calendar'!$D$6:$D$400,IF($G11="","All",$G11),'Promo Calendar'!$I$6:$I$400,"<="&$A11,'Promo Calendar'!$J$6:$J$400,">="&$A11,'Promo Calendar'!$G$6:$G$400,">0"),IF(COUNTIFS('Promo Calendar'!$A$6:$A$400,$C11,'Promo Calendar'!$D$6:$D$400,"All",'Promo Calendar'!$I$6:$I$400,"<="&$A11,'Promo Calendar'!$J$6:$J$400,">="&$A11,'Promo Calendar'!$G$6:$G$400,">0")>0,_xlfn.MINIFS('Promo Calendar'!$G$6:$G$400,'Promo Calendar'!$A$6:$A$400,$C11,'Promo Calendar'!$D$6:$D$400,"All",'Promo Calendar'!$I$6:$I$400,"<="&$A11,'Promo Calendar'!$J$6:$J$400,">="&$A11,'Promo Calendar'!$G$6:$G$400,">0"),IFERROR(IF(INDEX('Chain Program'!$M$6:$M$120,MATCH($C11,'Chain Program'!$A$6:$A$120,0))="","Not set",INDEX('Chain Program'!$M$6:$M$120,MATCH($C11,'Chain Program'!$A$6:$A$120,0))),"Not set")))) | J11: =IF($I11="","",IF(NOT(ISNUMBER($H11)),"No plan price",IF(ABS($I11-$H11)<0.005,"Match",IF($I11>$H11,"Over plan","Under plan")))) | V11: =IF(OR($A11="",$T11="",$T11="No Issue"),"",IF($T11="Resolved",IF($U11="","",$U11-$A11),TODAY()-$A11)) | W11: =IF(AND($C11<>"",$C11='Store History'!$C$4,OR('Store History'!$C$5="",$F11='Store History'!$C$5)),1,0) | X11: =IF($W11=1,SUM($W11:$W$1005),"")
D12: =IF($C12="","",IFERROR(INDEX('Chain Program'!$B$6:$B$120,MATCH($C12,'Chain Program'!$A$6:$A$120,0)),"Unknown ID")) | E12: =IF($C12="","",IFERROR(INDEX('Chain Program'!$D$6:$D$120,MATCH($C12,'Chain Program'!$A$6:$A$120,0)),"Unknown ID")) | H12: =IF(OR($C12="",$A12=""),"",IF(COUNTIFS('Promo Calendar'!$A$6:$A$400,$C12,'Promo Calendar'!$D$6:$D$400,IF($G12="","All",$G12),'Promo Calendar'!$I$6:$I$400,"<="&$A12,'Promo Calendar'!$J$6:$J$400,">="&$A12,'Promo Calendar'!$G$6:$G$400,">0")>0,_xlfn.MINIFS('Promo Calendar'!$G$6:$G$400,'Promo Calendar'!$A$6:$A$400,$C12,'Promo Calendar'!$D$6:$D$400,IF($G12="","All",$G12),'Promo Calendar'!$I$6:$I$400,"<="&$A12,'Promo Calendar'!$J$6:$J$400,">="&$A12,'Promo Calendar'!$G$6:$G$400,">0"),IF(COUNTIFS('Promo Calendar'!$A$6:$A$400,$C12,'Promo Calendar'!$D$6:$D$400,"All",'Promo Calendar'!$I$6:$I$400,"<="&$A12,'Promo Calendar'!$J$6:$J$400,">="&$A12,'Promo Calendar'!$G$6:$G$400,">0")>0,_xlfn.MINIFS('Promo Calendar'!$G$6:$G$400,'Promo Calendar'!$A$6:$A$400,$C12,'Promo Calendar'!$D$6:$D$400,"All",'Promo Calendar'!$I$6:$I$400,"<="&$A12,'Promo Calendar'!$J$6:$J$400,">="&$A12,'Promo Calendar'!$G$6:$G$400,">0"),IFERROR(IF(INDEX('Chain Program'!$M$6:$M$120,MATCH($C12,'Chain Program'!$A$6:$A$120,0))="","Not set",INDEX('Chain Program'!$M$6:$M$120,MATCH($C12,'Chain Program'!$A$6:$A$120,0))),"Not set")))) | J12: =IF($I12="","",IF(NOT(ISNUMBER($H12)),"No plan price",IF(ABS($I12-$H12)<0.005,"Match",IF($I12>$H12,"Over plan","Under plan")))) | V12: =IF(OR($A12="",$T12="",$T12="No Issue"),"",IF($T12="Resolved",IF($U12="","",$U12-$A12),TODAY()-$A12)) | W12: =IF(AND($C12<>"",$C12='Store History'!$C$4,OR('Store History'!$C$5="",$F12='Store History'!$C$5)),1,0) | X12: =IF($W12=1,SUM($W12:$W$1005),"")
D13: =IF($C13="","",IFERROR(INDEX('Chain Program'!$B$6:$B$120,MATCH($C13,'Chain Program'!$A$6:$A$120,0)),"Unknown ID")) | E13: =IF($C13="","",IFERROR(INDEX('Chain Program'!$D$6:$D$120,MATCH($C13,'Chain Program'!$A$6:$A$120,0)),"Unknown ID")) | H13: =IF(OR($C13="",$A13=""),"",IF(COUNTIFS('Promo Calendar'!$A$6:$A$400,$C13,'Promo Calendar'!$D$6:$D$400,IF($G13="","All",$G13),'Promo Calendar'!$I$6:$I$400,"<="&$A13,'Promo Calendar'!$J$6:$J$400,">="&$A13,'Promo Calendar'!$G$6:$G$400,">0")>0,_xlfn.MINIFS('Promo Calendar'!$G$6:$G$400,'Promo Calendar'!$A$6:$A$400,$C13,'Promo Calendar'!$D$6:$D$400,IF($G13="","All",$G13),'Promo Calendar'!$I$6:$I$400,"<="&$A13,'Promo Calendar'!$J$6:$J$400,">="&$A13,'Promo Calendar'!$G$6:$G$400,">0"),IF(COUNTIFS('Promo Calendar'!$A$6:$A$400,$C13,'Promo Calendar'!$D$6:$D$400,"All",'Promo Calendar'!$I$6:$I$400,"<="&$A13,'Promo Calendar'!$J$6:$J$400,">="&$A13,'Promo Calendar'!$G$6:$G$400,">0")>0,_xlfn.MINIFS('Promo Calendar'!$G$6:$G$400,'Promo Calendar'!$A$6:$A$400,$C13,'Promo Calendar'!$D$6:$D$400,"All",'Promo Calendar'!$I$6:$I$400,"<="&$A13,'Promo Calendar'!$J$6:$J$400,">="&$A13,'Promo Calendar'!$G$6:$G$400,">0"),IFERROR(IF(INDEX('Chain Program'!$M$6:$M$120,MATCH($C13,'Chain Program'!$A$6:$A$120,0))="","Not set",INDEX('Chain Program'!$M$6:$M$120,MATCH($C13,'Chain Program'!$A$6:$A$120,0))),"Not set")))) | J13: =IF($I13="","",IF(NOT(ISNUMBER($H13)),"No plan price",IF(ABS($I13-$H13)<0.005,"Match",IF($I13>$H13,"Over plan","Under plan")))) | V13: =IF(OR($A13="",$T13="",$T13="No Issue"),"",IF($T13="Resolved",IF($U13="","",$U13-$A13),TODAY()-$A13)) | W13: =IF(AND($C13<>"",$C13='Store History'!$C$4,OR('Store History'!$C$5="",$F13='Store History'!$C$5)),1,0) | X13: =IF($W13=1,SUM($W13:$W$1005),"")
D14: =IF($C14="","",IFERROR(INDEX('Chain Program'!$B$6:$B$120,MATCH($C14,'Chain Program'!$A$6:$A$120,0)),"Unknown ID")) | E14: =IF($C14="","",IFERROR(INDEX('Chain Program'!$D$6:$D$120,MATCH($C14,'Chain Program'!$A$6:$A$120,0)),"Unknown ID")) | H14: =IF(OR($C14="",$A14=""),"",IF(COUNTIFS('Promo Calendar'!$A$6:$A$400,$C14,'Promo Calendar'!$D$6:$D$400,IF($G14="","All",$G14),'Promo Calendar'!$I$6:$I$400,"<="&$A14,'Promo Calendar'!$J$6:$J$400,">="&$A14,'Promo Calendar'!$G$6:$G$400,">0")>0,_xlfn.MINIFS('Promo Calendar'!$G$6:$G$400,'Promo Calendar'!$A$6:$A$400,$C14,'Promo Calendar'!$D$6:$D$400,IF($G14="","All",$G14),'Promo Calendar'!$I$6:$I$400,"<="&$A14,'Promo Calendar'!$J$6:$J$400,">="&$A14,'Promo Calendar'!$G$6:$G$400,">0"),IF(COUNTIFS('Promo Calendar'!$A$6:$A$400,$C14,'Promo Calendar'!$D$6:$D$400,"All",'Promo Calendar'!$I$6:$I$400,"<="&$A14,'Promo Calendar'!$J$6:$J$400,">="&$A14,'Promo Calendar'!$G$6:$G$400,">0")>0,_xlfn.MINIFS('Promo Calendar'!$G$6:$G$400,'Promo Calendar'!$A$6:$A$400,$C14,'Promo Calendar'!$D$6:$D$400,"All",'Promo Calendar'!$I$6:$I$400,"<="&$A14,'Promo Calendar'!$J$6:$J$400,">="&$A14,'Promo Calendar'!$G$6:$G$400,">0"),IFERROR(IF(INDEX('Chain Program'!$M$6:$M$120,MATCH($C14,'Chain Program'!$A$6:$A$120,0))="","Not set",INDEX('Chain Program'!$M$6:$M$120,MATCH($C14,'Chain Program'!$A$6:$A$120,0))),"Not set")))) | J14: =IF($I14="","",IF(NOT(ISNUMBER($H14)),"No plan price",IF(ABS($I14-$H14)<0.005,"Match",IF($I14>$H14,"Over plan","Under plan")))) | V14: =IF(OR($A14="",$T14="",$T14="No Issue"),"",IF($T14="Resolved",IF($U14="","",$U14-$A14),TODAY()-$A14)) | W14: =IF(AND($C14<>"",$C14='Store History'!$C$4,OR('Store History'!$C$5="",$F14='Store History'!$C$5)),1,0) | X14: =IF($W14=1,SUM($W14:$W$1005),"")
D15: =IF($C15="","",IFERROR(INDEX('Chain Program'!$B$6:$B$120,MATCH($C15,'Chain Program'!$A$6:$A$120,0)),"Unknown ID")) | E15: =IF($C15="","",IFERROR(INDEX('Chain Program'!$D$6:$D$120,MATCH($C15,'Chain Program'!$A$6:$A$120,0)),"Unknown ID")) | H15: =IF(OR($C15="",$A15=""),"",IF(COUNTIFS('Promo Calendar'!$A$6:$A$400,$C15,'Promo Calendar'!$D$6:$D$400,IF($G15="","All",$G15),'Promo Calendar'!$I$6:$I$400,"<="&$A15,'Promo Calendar'!$J$6:$J$400,">="&$A15,'Promo Calendar'!$G$6:$G$400,">0")>0,_xlfn.MINIFS('Promo Calendar'!$G$6:$G$400,'Promo Calendar'!$A$6:$A$400,$C15,'Promo Calendar'!$D$6:$D$400,IF($G15="","All",$G15),'Promo Calendar'!$I$6:$I$400,"<="&$A15,'Promo Calendar'!$J$6:$J$400,">="&$A15,'Promo Calendar'!$G$6:$G$400,">0"),IF(COUNTIFS('Promo Calendar'!$A$6:$A$400,$C15,'Promo Calendar'!$D$6:$D$400,"All",'Promo Calendar'!$I$6:$I$400,"<="&$A15,'Promo Calendar'!$J$6:$J$400,">="&$A15,'Promo Calendar'!$G$6:$G$400,">0")>0,_xlfn.MINIFS('Promo Calendar'!$G$6:$G$400,'Promo Calendar'!$A$6:$A$400,$C15,'Promo Calendar'!$D$6:$D$400,"All",'Promo Calendar'!$I$6:$I$400,"<="&$A15,'Promo Calendar'!$J$6:$J$400,">="&$A15,'Promo Calendar'!$G$6:$G$400,">0"),IFERROR(IF(INDEX('Chain Program'!$M$6:$M$120,MATCH($C15,'Chain Program'!$A$6:$A$120,0))="","Not set",INDEX('Chain Program'!$M$6:$M$120,MATCH($C15,'Chain Program'!$A$6:$A$120,0))),"Not set")))) | J15: =IF($I15="","",IF(NOT(ISNUMBER($H15)),"No plan price",IF(ABS($I15-$H15)<0.005,"Match",IF($I15>$H15,"Over plan","Under plan")))) | V15: =IF(OR($A15="",$T15="",$T15="No Issue"),"",IF($T15="Resolved",IF($U15="","",$U15-$A15),TODAY()-$A15)) | W15: =IF(AND($C15<>"",$C15='Store History'!$C$4,OR('Store History'!$C$5="",$F15='Store History'!$C$5)),1,0) | X15: =IF($W15=1,SUM($W15:$W$1005),"")
D16: =IF($C16="","",IFERROR(INDEX('Chain Program'!$B$6:$B$120,MATCH($C16,'Chain Program'!$A$6:$A$120,0)),"Unknown ID")) | E16: =IF($C16="","",IFERROR(INDEX('Chain Program'!$D$6:$D$120,MATCH($C16,'Chain Program'!$A$6:$A$120,0)),"Unknown ID")) | H16: =IF(OR($C16="",$A16=""),"",IF(COUNTIFS('Promo Calendar'!$A$6:$A$400,$C16,'Promo Calendar'!$D$6:$D$400,IF($G16="","All",$G16),'Promo Calendar'!$I$6:$I$400,"<="&$A16,'Promo Calendar'!$J$6:$J$400,">="&$A16,'Promo Calendar'!$G$6:$G$400,">0")>0,_xlfn.MINIFS('Promo Calendar'!$G$6:$G$400,'Promo Calendar'!$A$6:$A$400,$C16,'Promo Calendar'!$D$6:$D$400,IF($G16="","All",$G16),'Promo Calendar'!$I$6:$I$400,"<="&$A16,'Promo Calendar'!$J$6:$J$400,">="&$A16,'Promo Calendar'!$G$6:$G$400,">0"),IF(COUNTIFS('Promo Calendar'!$A$6:$A$400,$C16,'Promo Calendar'!$D$6:$D$400,"All",'Promo Calendar'!$I$6:$I$400,"<="&$A16,'Promo Calendar'!$J$6:$J$400,">="&$A16,'Promo Calendar'!$G$6:$G$400,">0")>0,_xlfn.MINIFS('Promo Calendar'!$G$6:$G$400,'Promo Calendar'!$A$6:$A$400,$C16,'Promo Calendar'!$D$6:$D$400,"All",'Promo Calendar'!$I$6:$I$400,"<="&$A16,'Promo Calendar'!$J$6:$J$400,">="&$A16,'Promo Calendar'!$G$6:$G$400,">0"),IFERROR(IF(INDEX('Chain Program'!$M$6:$M$120,MATCH($C16,'Chain Program'!$A$6:$A$120,0))="","Not set",INDEX('Chain Program'!$M$6:$M$120,MATCH($C16,'Chain Program'!$A$6:$A$120,0))),"Not set")))) | J16: =IF($I16="","",IF(NOT(ISNUMBER($H16)),"No plan price",IF(ABS($I16-$H16)<0.005,"Match",IF($I16>$H16,"Over plan","Under plan")))) | V16: =IF(OR($A16="",$T16="",$T16="No Issue"),"",IF($T16="Resolved",IF($U16="","",$U16-$A16),TODAY()-$A16)) | W16: =IF(AND($C16<>"",$C16='Store History'!$C$4,OR('Store History'!$C$5="",$F16='Store History'!$C$5)),1,0) | X16: =IF($W16=1,SUM($W16:$W$1005),"")
D17: =IF($C17="","",IFERROR(INDEX('Chain Program'!$B$6:$B$120,MATCH($C17,'Chain Program'!$A$6:$A$120,0)),"Unknown ID")) | E17: =IF($C17="","",IFERROR(INDEX('Chain Program'!$D$6:$D$120,MATCH($C17,'Chain Program'!$A$6:$A$120,0)),"Unknown ID")) | H17: =IF(OR($C17="",$A17=""),"",IF(COUNTIFS('Promo Calendar'!$A$6:$A$400,$C17,'Promo Calendar'!$D$6:$D$400,IF($G17="","All",$G17),'Promo Calendar'!$I$6:$I$400,"<="&$A17,'Promo Calendar'!$J$6:$J$400,">="&$A17,'Promo Calendar'!$G$6:$G$400,">0")>0,_xlfn.MINIFS('Promo Calendar'!$G$6:$G$400,'Promo Calendar'!$A$6:$A$400,$C17,'Promo Calendar'!$D$6:$D$400,IF($G17="","All",$G17),'Promo Calendar'!$I$6:$I$400,"<="&$A17,'Promo Calendar'!$J$6:$J$400,">="&$A17,'Promo Calendar'!$G$6:$G$400,">0"),IF(COUNTIFS('Promo Calendar'!$A$6:$A$400,$C17,'Promo Calendar'!$D$6:$D$400,"All",'Promo Calendar'!$I$6:$I$400,"<="&$A17,'Promo Calendar'!$J$6:$J$400,">="&$A17,'Promo Calendar'!$G$6:$G$400,">0")>0,_xlfn.MINIFS('Promo Calendar'!$G$6:$G$400,'Promo Calendar'!$A$6:$A$400,$C17,'Promo Calendar'!$D$6:$D$400,"All",'Promo Calendar'!$I$6:$I$400,"<="&$A17,'Promo Calendar'!$J$6:$J$400,">="&$A17,'Promo Calendar'!$G$6:$G$400,">0"),IFERROR(IF(INDEX('Chain Program'!$M$6:$M$120,MATCH($C17,'Chain Program'!$A$6:$A$120,0))="","Not set",INDEX('Chain Program'!$M$6:$M$120,MATCH($C17,'Chain Program'!$A$6:$A$120,0))),"Not set")))) | J17: =IF($I17="","",IF(NOT(ISNUMBER($H17)),"No plan price",IF(ABS($I17-$H17)<0.005,"Match",IF($I17>$H17,"Over plan","Under plan")))) | V17: =IF(OR($A17="",$T17="",$T17="No Issue"),"",IF($T17="Resolved",IF($U17="","",$U17-$A17),TODAY()-$A17)) | W17: =IF(AND($C17<>"",$C17='Store History'!$C$4,OR('Store History'!$C$5="",$F17='Store History'!$C$5)),1,0) | X17: =IF($W17=1,SUM($W17:$W$1005),"")
D18: =IF($C18="","",IFERROR(INDEX('Chain Program'!$B$6:$B$120,MATCH($C18,'Chain Program'!$A$6:$A$120,0)),"Unknown ID")) | E18: =IF($C18="","",IFERROR(INDEX('Chain Program'!$D$6:$D$120,MATCH($C18,'Chain Program'!$A$6:$A$120,0)),"Unknown ID")) | H18: =IF(OR($C18="",$A18=""),"",IF(COUNTIFS('Promo Calendar'!$A$6:$A$400,$C18,'Promo Calendar'!$D$6:$D$400,IF($G18="","All",$G18),'Promo Calendar'!$I$6:$I$400,"<="&$A18,'Promo Calendar'!$J$6:$J$400,">="&$A18,'Promo Calendar'!$G$6:$G$400,">0")>0,_xlfn.MINIFS('Promo Calendar'!$G$6:$G$400,'Promo Calendar'!$A$6:$A$400,$C18,'Promo Calendar'!$D$6:$D$400,IF($G18="","All",$G18),'Promo Calendar'!$I$6:$I$400,"<="&$A18,'Promo Calendar'!$J$6:$J$400,">="&$A18,'Promo Calendar'!$G$6:$G$400,">0"),IF(COUNTIFS('Promo Calendar'!$A$6:$A$400,$C18,'Promo Calendar'!$D$6:$D$400,"All",'Promo Calendar'!$I$6:$I$400,"<="&$A18,'Promo Calendar'!$J$6:$J$400,">="&$A18,'Promo Calendar'!$G$6:$G$400,">0")>0,_xlfn.MINIFS('Promo Calendar'!$G$6:$G$400,'Promo Calendar'!$A$6:$A$400,$C18,'Promo Calendar'!$D$6:$D$400,"All",'Promo Calendar'!$I$6:$I$400,"<="&$A18,'Promo Calendar'!$J$6:$J$400,">="&$A18,'Promo Calendar'!$G$6:$G$400,">0"),IFERROR(IF(INDEX('Chain Program'!$M$6:$M$120,MATCH($C18,'Chain Program'!$A$6:$A$120,0))="","Not set",INDEX('Chain Program'!$M$6:$M$120,MATCH($C18,'Chain Program'!$A$6:$A$120,0))),"Not set")))) | J18: =IF($I18="","",IF(NOT(ISNUMBER($H18)),"No plan price",IF(ABS($I18-$H18)<0.005,"Match",IF($I18>$H18,"Over plan","Under plan")))) | V18: =IF(OR($A18="",$T18="",$T18="No Issue"),"",IF($T18="Resolved",IF($U18="","",$U18-$A18),TODAY()-$A18)) | W18: =IF(AND($C18<>"",$C18='Store History'!$C$4,OR('Store History'!$C$5="",$F18='Store History'!$C$5)),1,0) | X18: =IF($W18=1,SUM($W18:$W$1005),"")
... D1005: =IF($C1005="","",IFERROR(INDEX('Chain Program'!$B$6:$B$120,MATCH($C1005,'Chain Program'!$A$6:$A$120,0)),"Unknown ID")) | E1005: =IF($C1005="","",IFERROR(INDEX('Chain Program'!$D$6:$D$120,MATCH($C1005,'Chain Program'!$A$6:$A$120,0)),"Unknown ID")) | H1005: =IF(OR($C1005="",$A1005=""),"",IF(COUNTIFS('Promo Calendar'!$A$6:$A$400,$C1005,'Promo Calendar'!$D$6:$D$400,IF($G1005="","All",$G1005),'Promo Calendar'!$I$6:$I$400,"<="&$A1005,'Promo Calendar'!$J$6:$J$400,">="&$A1005,'Promo Calendar'!$G$6:$G$400,">0")>0,_xlfn.MINIFS('Promo Calendar'!$G$6:$G$400,'Promo Calendar'!$A$6:$A$400,$C1005,'Promo Calendar'!$D$6:$D$400,IF($G1005="","All",$G1005),'Promo Calendar'!$I$6:$I$400,"<="&$A1005,'Promo Calendar'!$J$6:$J$400,">="&$A1005,'Promo Calendar'!$G$6:$G$400,">0"),IF(COUNTIFS('Promo Calendar'!$A$6:$A$400,$C1005,'Promo Calendar'!$D$6:$D$400,"All",'Promo Calendar'!$I$6:$I$400,"<="&$A1005,'Promo Calendar'!$J$6:$J$400,">="&$A1005,'Promo Calendar'!$G$6:$G$400,">0")>0,_xlfn.MINIFS('Promo Calendar'!$G$6:$G$400,'Promo Calendar'!$A$6:$A$400,$C1005,'Promo Calendar'!$D$6:$D$400,"All",'Promo Calendar'!$I$6:$I$400,"<="&$A1005,'Promo Calendar'!$J$6:$J$400,">="&$A1005,'Promo Calendar'!$G$6:$G$400,">0"),IFERROR(IF(INDEX('Chain Program'!$M$6:$M$120,MATCH($C1005,'Chain Program'!$A$6:$A$120,0))="","Not set",INDEX('Chain Program'!$M$6:$M$120,MATCH($C1005,'Chain Program'!$A$6:$A$120,0))),"Not set")))) | J1005: =IF($I1005="","",IF(NOT(ISNUMBER($H1005)),"No plan price",IF(ABS($I1005-$H1005)<0.005,"Match",IF($I1005>$H1005,"Over plan","Under plan")))) | V1005: =IF(OR($A1005="",$T1005="",$T1005="No Issue"),"",IF($T1005="Resolved",IF($U1005="","",$U1005-$A1005),TODAY()-$A1005)) | W1005: =IF(AND($C1005<>"",$C1005='Store History'!$C$4,OR('Store History'!$C$5="",$F1005='Store History'!$C$5)),1,0) | X1005: =IF($W1005=1,SUM($W1005:$W$1005),"")

Sheet Store History
A1: STORE HISTORY - CHECK BEFORE YOU WALK IN
A2: Pick a program (and optionally a store #). Shows what the shelf should look like today and the last 20 visit notes, newest first.
A4: Program | C4: ZOA | Smart & Final
A5: Store # / Location (optional)
A7: PLAN FOR THIS PROGRAM
A8: Account / Division | C8: =IF($C$4="","",IFERROR(INDEX('Chain Program'!$D$6:$D$120,MATCH($C$4,'Chain Program'!$A$6:$A$120,0))&"","Unknown program"))
A9: Market | C9: =IF($C$4="","",IFERROR(INDEX('Chain Program'!$E$6:$E$120,MATCH($C$4,'Chain Program'!$A$6:$A$120,0))&"","Unknown program"))
A10: Shelf Location / Display Callout | C10: =IF($C$4="","",IFERROR(INDEX('Chain Program'!$J$6:$J$120,MATCH($C$4,'Chain Program'!$A$6:$A$120,0))&"","Unknown program"))
A11: Authorized SKUs / Flavors | C11: =IF($C$4="","",IFERROR(INDEX('Chain Program'!$H$6:$H$120,MATCH($C$4,'Chain Program'!$A$6:$A$120,0))&"","Unknown program"))
A12: Current Promo (today) | C12: =IF($C$4="","",IFERROR(INDEX('Chain Program'!$O$6:$O$120,MATCH($C$4,'Chain Program'!$A$6:$A$120,0))&"","Unknown program"))
A13: Expected Shelf Price Today | C13: =IF($C$4="","",IFERROR(INDEX('Chain Program'!$P$6:$P$120,MATCH($C$4,'Chain Program'!$A$6:$A$120,0)),"Unknown program"))
A14: Next Promo Start | C14: =IF($C$4="","",IFERROR(INDEX('Chain Program'!$Q$6:$Q$120,MATCH($C$4,'Chain Program'!$A$6:$A$120,0)),"Unknown program"))
A15: Execution Priority / Callouts | C15: =IF($C$4="","",IFERROR(INDEX('Chain Program'!$R$6:$R$120,MATCH($C$4,'Chain Program'!$A$6:$A$120,0))&"","Unknown program"))
A16: Data Status | C16: =IF($C$4="","",IFERROR(INDEX('Chain Program'!$U$6:$U$120,MATCH($C$4,'Chain Program'!$A$6:$A$120,0))&"","Unknown program"))
A17: Open Issues | C17: =IF($C$4="","",IFERROR(INDEX('Chain Program'!$X$6:$X$120,MATCH($C$4,'Chain Program'!$A$6:$A$120,0))&"","Unknown program"))
A19: VISIT HISTORY (newest first)
A20: # | B20: Visit Date | C20: Rep | D20: Store # / Location | E20: SKU / Pack | F20: Observed ($) | G20: Price Check | H20: Discrepancy Type | I20: Visit Notes | J20: Follow-up Action | K20: Status
A21: 1 | B21: =IFERROR(IF(INDEX('Visit Log'!$A$6:$A$1005,MATCH($A21,'Visit Log'!$X$6:$X$1005,0))="","",INDEX('Visit Log'!$A$6:$A$1005,MATCH($A21,'Visit Log'!$X$6:$X$1005,0))),"") | C21: =IFERROR(INDEX('Visit Log'!$B$6:$B$1005,MATCH($A21,'Visit Log'!$X$6:$X$1005,0))&"","") | D21: =IFERROR(INDEX('Visit Log'!$F$6:$F$1005,MATCH($A21,'Visit Log'!$X$6:$X$1005,0))&"","") | E21: =IFERROR(INDEX('Visit Log'!$G$6:$G$1005,MATCH($A21,'Visit Log'!$X$6:$X$1005,0))&"","") | F21: =IFERROR(IF(INDEX('Visit Log'!$I$6:$I$1005,MATCH($A21,'Visit Log'!$X$6:$X$1005,0))="","",INDEX('Visit Log'!$I$6:$I$1005,MATCH($A21,'Visit Log'!$X$6:$X$1005,0))),"") | G21: =IFERROR(INDEX('Visit Log'!$J$6:$J$1005,MATCH($A21,'Visit Log'!$X$6:$X$1005,0))&"","") | H21: =IFERROR(INDEX('Visit Log'!$O$6:$O$1005,MATCH($A21,'Visit Log'!$X$6:$X$1005,0))&"","") | I21: =IFERROR(INDEX('Visit Log'!$P$6:$P$1005,MATCH($A21,'Visit Log'!$X$6:$X$1005,0))&"","") | J21: =IFERROR(INDEX('Visit Log'!$Q$6:$Q$1005,MATCH($A21,'Visit Log'!$X$6:$X$1005,0))&"","") | K21: =IFERROR(INDEX('Visit Log'!$T$6:$T$1005,MATCH($A21,'Visit Log'!$X$6:$X$1005,0))&"","")
A22: 2 | B22: =IFERROR(IF(INDEX('Visit Log'!$A$6:$A$1005,MATCH($A22,'Visit Log'!$X$6:$X$1005,0))="","",INDEX('Visit Log'!$A$6:$A$1005,MATCH($A22,'Visit Log'!$X$6:$X$1005,0))),"") | C22: =IFERROR(INDEX('Visit Log'!$B$6:$B$1005,MATCH($A22,'Visit Log'!$X$6:$X$1005,0))&"","") | D22: =IFERROR(INDEX('Visit Log'!$F$6:$F$1005,MATCH($A22,'Visit Log'!$X$6:$X$1005,0))&"","") | E22: =IFERROR(INDEX('Visit Log'!$G$6:$G$1005,MATCH($A22,'Visit Log'!$X$6:$X$1005,0))&"","") | F22: =IFERROR(IF(INDEX('Visit Log'!$I$6:$I$1005,MATCH($A22,'Visit Log'!$X$6:$X$1005,0))="","",INDEX('Visit Log'!$I$6:$I$1005,MATCH($A22,'Visit Log'!$X$6:$X$1005,0))),"") | G22: =IFERROR(INDEX('Visit Log'!$J$6:$J$1005,MATCH($A22,'Visit Log'!$X$6:$X$1005,0))&"","") | H22: =IFERROR(INDEX('Visit Log'!$O$6:$O$1005,MATCH($A22,'Visit Log'!$X$6:$X$1005,0))&"","") | I22: =IFERROR(INDEX('Visit Log'!$P$6:$P$1005,MATCH($A22,'Visit Log'!$X$6:$X$1005,0))&"","") | J22: =IFERROR(INDEX('Visit Log'!$Q$6:$Q$1005,MATCH($A22,'Visit Log'!$X$6:$X$1005,0))&"","") | K22: =IFERROR(INDEX('Visit Log'!$T$6:$T$1005,MATCH($A22,'Visit Log'!$X$6:$X$1005,0))&"","")
A23: 3 | B23: =IFERROR(IF(INDEX('Visit Log'!$A$6:$A$1005,MATCH($A23,'Visit Log'!$X$6:$X$1005,0))="","",INDEX('Visit Log'!$A$6:$A$1005,MATCH($A23,'Visit Log'!$X$6:$X$1005,0))),"") | C23: =IFERROR(INDEX('Visit Log'!$B$6:$B$1005,MATCH($A23,'Visit Log'!$X$6:$X$1005,0))&"","") | D23: =IFERROR(INDEX('Visit Log'!$F$6:$F$1005,MATCH($A23,'Visit Log'!$X$6:$X$1005,0))&"","") | E23: =IFERROR(INDEX('Visit Log'!$G$6:$G$1005,MATCH($A23,'Visit Log'!$X$6:$X$1005,0))&"","") | F23: =IFERROR(IF(INDEX('Visit Log'!$I$6:$I$1005,MATCH($A23,'Visit Log'!$X$6:$X$1005,0))="","",INDEX('Visit Log'!$I$6:$I$1005,MATCH($A23,'Visit Log'!$X$6:$X$1005,0))),"") | G23: =IFERROR(INDEX('Visit Log'!$J$6:$J$1005,MATCH($A23,'Visit Log'!$X$6:$X$1005,0))&"","") | H23: =IFERROR(INDEX('Visit Log'!$O$6:$O$1005,MATCH($A23,'Visit Log'!$X$6:$X$1005,0))&"","") | I23: =IFERROR(INDEX('Visit Log'!$P$6:$P$1005,MATCH($A23,'Visit Log'!$X$6:$X$1005,0))&"","") | J23: =IFERROR(INDEX('Visit Log'!$Q$6:$Q$1005,MATCH($A23,'Visit Log'!$X$6:$X$1005,0))&"","") | K23: =IFERROR(INDEX('Visit Log'!$T$6:$T$1005,MATCH($A23,'Visit Log'!$X$6:$X$1005,0))&"","")
A24: 4 | B24: =IFERROR(IF(INDEX('Visit Log'!$A$6:$A$1005,MATCH($A24,'Visit Log'!$X$6:$X$1005,0))="","",INDEX('Visit Log'!$A$6:$A$1005,MATCH($A24,'Visit Log'!$X$6:$X$1005,0))),"") | C24: =IFERROR(INDEX('Visit Log'!$B$6:$B$1005,MATCH($A24,'Visit Log'!$X$6:$X$1005,0))&"","") | D24: =IFERROR(INDEX('Visit Log'!$F$6:$F$1005,MATCH($A24,'Visit Log'!$X$6:$X$1005,0))&"","") | E24: =IFERROR(INDEX('Visit Log'!$G$6:$G$1005,MATCH($A24,'Visit Log'!$X$6:$X$1005,0))&"","") | F24: =IFERROR(IF(INDEX('Visit Log'!$I$6:$I$1005,MATCH($A24,'Visit Log'!$X$6:$X$1005,0))="","",INDEX('Visit Log'!$I$6:$I$1005,MATCH($A24,'Visit Log'!$X$6:$X$1005,0))),"") | G24: =IFERROR(INDEX('Visit Log'!$J$6:$J$1005,MATCH($A24,'Visit Log'!$X$6:$X$1005,0))&"","") | H24: =IFERROR(INDEX('Visit Log'!$O$6:$O$1005,MATCH($A24,'Visit Log'!$X$6:$X$1005,0))&"","") | I24: =IFERROR(INDEX('Visit Log'!$P$6:$P$1005,MATCH($A24,'Visit Log'!$X$6:$X$1005,0))&"","") | J24: =IFERROR(INDEX('Visit Log'!$Q$6:$Q$1005,MATCH($A24,'Visit Log'!$X$6:$X$1005,0))&"","") | K24: =IFERROR(INDEX('Visit Log'!$T$6:$T$1005,MATCH($A24,'Visit Log'!$X$6:$X$1005,0))&"","")
A25: 5 | B25: =IFERROR(IF(INDEX('Visit Log'!$A$6:$A$1005,MATCH($A25,'Visit Log'!$X$6:$X$1005,0))="","",INDEX('Visit Log'!$A$6:$A$1005,MATCH($A25,'Visit Log'!$X$6:$X$1005,0))),"") | C25: =IFERROR(INDEX('Visit Log'!$B$6:$B$1005,MATCH($A25,'Visit Log'!$X$6:$X$1005,0))&"","") | D25: =IFERROR(INDEX('Visit Log'!$F$6:$F$1005,MATCH($A25,'Visit Log'!$X$6:$X$1005,0))&"","") | E25: =IFERROR(INDEX('Visit Log'!$G$6:$G$1005,MATCH($A25,'Visit Log'!$X$6:$X$1005,0))&"","") | F25: =IFERROR(IF(INDEX('Visit Log'!$I$6:$I$1005,MATCH($A25,'Visit Log'!$X$6:$X$1005,0))="","",INDEX('Visit Log'!$I$6:$I$1005,MATCH($A25,'Visit Log'!$X$6:$X$1005,0))),"") | G25: =IFERROR(INDEX('Visit Log'!$J$6:$J$1005,MATCH($A25,'Visit Log'!$X$6:$X$1005,0))&"","") | H25: =IFERROR(INDEX('Visit Log'!$O$6:$O$1005,MATCH($A25,'Visit Log'!$X$6:$X$1005,0))&"","") | I25: =IFERROR(INDEX('Visit Log'!$P$6:$P$1005,MATCH($A25,'Visit Log'!$X$6:$X$1005,0))&"","") | J25: =IFERROR(INDEX('Visit Log'!$Q$6:$Q$1005,MATCH($A25,'Visit Log'!$X$6:$X$1005,0))&"","") | K25: =IFERROR(INDEX('Visit Log'!$T$6:$T$1005,MATCH($A25,'Visit Log'!$X$6:$X$1005,0))&"","")
A26: 6 | B26: =IFERROR(IF(INDEX('Visit Log'!$A$6:$A$1005,MATCH($A26,'Visit Log'!$X$6:$X$1005,0))="","",INDEX('Visit Log'!$A$6:$A$1005,MATCH($A26,'Visit Log'!$X$6:$X$1005,0))),"") | C26: =IFERROR(INDEX('Visit Log'!$B$6:$B$1005,MATCH($A26,'Visit Log'!$X$6:$X$1005,0))&"","") | D26: =IFERROR(INDEX('Visit Log'!$F$6:$F$1005,MATCH($A26,'Visit Log'!$X$6:$X$1005,0))&"","") | E26: =IFERROR(INDEX('Visit Log'!$G$6:$G$1005,MATCH($A26,'Visit Log'!$X$6:$X$1005,0))&"","") | F26: =IFERROR(IF(INDEX('Visit Log'!$I$6:$I$1005,MATCH($A26,'Visit Log'!$X$6:$X$1005,0))="","",INDEX('Visit Log'!$I$6:$I$1005,MATCH($A26,'Visit Log'!$X$6:$X$1005,0))),"") | G26: =IFERROR(INDEX('Visit Log'!$J$6:$J$1005,MATCH($A26,'Visit Log'!$X$6:$X$1005,0))&"","") | H26: =IFERROR(INDEX('Visit Log'!$O$6:$O$1005,MATCH($A26,'Visit Log'!$X$6:$X$1005,0))&"","") | I26: =IFERROR(INDEX('Visit Log'!$P$6:$P$1005,MATCH($A26,'Visit Log'!$X$6:$X$1005,0))&"","") | J26: =IFERROR(INDEX('Visit Log'!$Q$6:$Q$1005,MATCH($A26,'Visit Log'!$X$6:$X$1005,0))&"","") | K26: =IFERROR(INDEX('Visit Log'!$T$6:$T$1005,MATCH($A26,'Visit Log'!$X$6:$X$1005,0))&"","")
A27: 7 | B27: =IFERROR(IF(INDEX('Visit Log'!$A$6:$A$1005,MATCH($A27,'Visit Log'!$X$6:$X$1005,0))="","",INDEX('Visit Log'!$A$6:$A$1005,MATCH($A27,'Visit Log'!$X$6:$X$1005,0))),"") | C27: =IFERROR(INDEX('Visit Log'!$B$6:$B$1005,MATCH($A27,'Visit Log'!$X$6:$X$1005,0))&"","") | D27: =IFERROR(INDEX('Visit Log'!$F$6:$F$1005,MATCH($A27,'Visit Log'!$X$6:$X$1005,0))&"","") | E27: =IFERROR(INDEX('Visit Log'!$G$6:$G$1005,MATCH($A27,'Visit Log'!$X$6:$X$1005,0))&"","") | F27: =IFERROR(IF(INDEX('Visit Log'!$I$6:$I$1005,MATCH($A27,'Visit Log'!$X$6:$X$1005,0))="","",INDEX('Visit Log'!$I$6:$I$1005,MATCH($A27,'Visit Log'!$X$6:$X$1005,0))),"") | G27: =IFERROR(INDEX('Visit Log'!$J$6:$J$1005,MATCH($A27,'Visit Log'!$X$6:$X$1005,0))&"","") | H27: =IFERROR(INDEX('Visit Log'!$O$6:$O$1005,MATCH($A27,'Visit Log'!$X$6:$X$1005,0))&"","") | I27: =IFERROR(INDEX('Visit Log'!$P$6:$P$1005,MATCH($A27,'Visit Log'!$X$6:$X$1005,0))&"","") | J27: =IFERROR(INDEX('Visit Log'!$Q$6:$Q$1005,MATCH($A27,'Visit Log'!$X$6:$X$1005,0))&"","") | K27: =IFERROR(INDEX('Visit Log'!$T$6:$T$1005,MATCH($A27,'Visit Log'!$X$6:$X$1005,0))&"","")
A28: 8 | B28: =IFERROR(IF(INDEX('Visit Log'!$A$6:$A$1005,MATCH($A28,'Visit Log'!$X$6:$X$1005,0))="","",INDEX('Visit Log'!$A$6:$A$1005,MATCH($A28,'Visit Log'!$X$6:$X$1005,0))),"") | C28: =IFERROR(INDEX('Visit Log'!$B$6:$B$1005,MATCH($A28,'Visit Log'!$X$6:$X$1005,0))&"","") | D28: =IFERROR(INDEX('Visit Log'!$F$6:$F$1005,MATCH($A28,'Visit Log'!$X$6:$X$1005,0))&"","") | E28: =IFERROR(INDEX('Visit Log'!$G$6:$G$1005,MATCH($A28,'Visit Log'!$X$6:$X$1005,0))&"","") | F28: =IFERROR(IF(INDEX('Visit Log'!$I$6:$I$1005,MATCH($A28,'Visit Log'!$X$6:$X$1005,0))="","",INDEX('Visit Log'!$I$6:$I$1005,MATCH($A28,'Visit Log'!$X$6:$X$1005,0))),"") | G28: =IFERROR(INDEX('Visit Log'!$J$6:$J$1005,MATCH($A28,'Visit Log'!$X$6:$X$1005,0))&"","") | H28: =IFERROR(INDEX('Visit Log'!$O$6:$O$1005,MATCH($A28,'Visit Log'!$X$6:$X$1005,0))&"","") | I28: =IFERROR(INDEX('Visit Log'!$P$6:$P$1005,MATCH($A28,'Visit Log'!$X$6:$X$1005,0))&"","") | J28: =IFERROR(INDEX('Visit Log'!$Q$6:$Q$1005,MATCH($A28,'Visit Log'!$X$6:$X$1005,0))&"","") | K28: =IFERROR(INDEX('Visit Log'!$T$6:$T$1005,MATCH($A28,'Visit Log'!$X$6:$X$1005,0))&"","")
A29: 9 | B29: =IFERROR(IF(INDEX('Visit Log'!$A$6:$A$1005,MATCH($A29,'Visit Log'!$X$6:$X$1005,0))="","",INDEX('Visit Log'!$A$6:$A$1005,MATCH($A29,'Visit Log'!$X$6:$X$1005,0))),"") | C29: =IFERROR(INDEX('Visit Log'!$B$6:$B$1005,MATCH($A29,'Visit Log'!$X$6:$X$1005,0))&"","") | D29: =IFERROR(INDEX('Visit Log'!$F$6:$F$1005,MATCH($A29,'Visit Log'!$X$6:$X$1005,0))&"","") | E29: =IFERROR(INDEX('Visit Log'!$G$6:$G$1005,MATCH($A29,'Visit Log'!$X$6:$X$1005,0))&"","") | F29: =IFERROR(IF(INDEX('Visit Log'!$I$6:$I$1005,MATCH($A29,'Visit Log'!$X$6:$X$1005,0))="","",INDEX('Visit Log'!$I$6:$I$1005,MATCH($A29,'Visit Log'!$X$6:$X$1005,0))),"") | G29: =IFERROR(INDEX('Visit Log'!$J$6:$J$1005,MATCH($A29,'Visit Log'!$X$6:$X$1005,0))&"","") | H29: =IFERROR(INDEX('Visit Log'!$O$6:$O$1005,MATCH($A29,'Visit Log'!$X$6:$X$1005,0))&"","") | I29: =IFERROR(INDEX('Visit Log'!$P$6:$P$1005,MATCH($A29,'Visit Log'!$X$6:$X$1005,0))&"","") | J29: =IFERROR(INDEX('Visit Log'!$Q$6:$Q$1005,MATCH($A29,'Visit Log'!$X$6:$X$1005,0))&"","") | K29: =IFERROR(INDEX('Visit Log'!$T$6:$T$1005,MATCH($A29,'Visit Log'!$X$6:$X$1005,0))&"","")
A30: 10 | B30: =IFERROR(IF(INDEX('Visit Log'!$A$6:$A$1005,MATCH($A30,'Visit Log'!$X$6:$X$1005,0))="","",INDEX('Visit Log'!$A$6:$A$1005,MATCH($A30,'Visit Log'!$X$6:$X$1005,0))),"") | C30: =IFERROR(INDEX('Visit Log'!$B$6:$B$1005,MATCH($A30,'Visit Log'!$X$6:$X$1005,0))&"","") | D30: =IFERROR(INDEX('Visit Log'!$F$6:$F$1005,MATCH($A30,'Visit Log'!$X$6:$X$1005,0))&"","") | E30: =IFERROR(INDEX('Visit Log'!$G$6:$G$1005,MATCH($A30,'Visit Log'!$X$6:$X$1005,0))&"","") | F30: =IFERROR(IF(INDEX('Visit Log'!$I$6:$I$1005,MATCH($A30,'Visit Log'!$X$6:$X$1005,0))="","",INDEX('Visit Log'!$I$6:$I$1005,MATCH($A30,'Visit Log'!$X$6:$X$1005,0))),"") | G30: =IFERROR(INDEX('Visit Log'!$J$6:$J$1005,MATCH($A30,'Visit Log'!$X$6:$X$1005,0))&"","") | H30: =IFERROR(INDEX('Visit Log'!$O$6:$O$1005,MATCH($A30,'Visit Log'!$X$6:$X$1005,0))&"","") | I30: =IFERROR(INDEX('Visit Log'!$P$6:$P$1005,MATCH($A30,'Visit Log'!$X$6:$X$1005,0))&"","") | J30: =IFERROR(INDEX('Visit Log'!$Q$6:$Q$1005,MATCH($A30,'Visit Log'!$X$6:$X$1005,0))&"","") | K30: =IFERROR(INDEX('Visit Log'!$T$6:$T$1005,MATCH($A30,'Visit Log'!$X$6:$X$1005,0))&"","")
A31: 11 | B31: =IFERROR(IF(INDEX('Visit Log'!$A$6:$A$1005,MATCH($A31,'Visit Log'!$X$6:$X$1005,0))="","",INDEX('Visit Log'!$A$6:$A$1005,MATCH($A31,'Visit Log'!$X$6:$X$1005,0))),"") | C31: =IFERROR(INDEX('Visit Log'!$B$6:$B$1005,MATCH($A31,'Visit Log'!$X$6:$X$1005,0))&"","") | D31: =IFERROR(INDEX('Visit Log'!$F$6:$F$1005,MATCH($A31,'Visit Log'!$X$6:$X$1005,0))&"","") | E31: =IFERROR(INDEX('Visit Log'!$G$6:$G$1005,MATCH($A31,'Visit Log'!$X$6:$X$1005,0))&"","") | F31: =IFERROR(IF(INDEX('Visit Log'!$I$6:$I$1005,MATCH($A31,'Visit Log'!$X$6:$X$1005,0))="","",INDEX('Visit Log'!$I$6:$I$1005,MATCH($A31,'Visit Log'!$X$6:$X$1005,0))),"") | G31: =IFERROR(INDEX('Visit Log'!$J$6:$J$1005,MATCH($A31,'Visit Log'!$X$6:$X$1005,0))&"","") | H31: =IFERROR(INDEX('Visit Log'!$O$6:$O$1005,MATCH($A31,'Visit Log'!$X$6:$X$1005,0))&"","") | I31: =IFERROR(INDEX('Visit Log'!$P$6:$P$1005,MATCH($A31,'Visit Log'!$X$6:$X$1005,0))&"","") | J31: =IFERROR(INDEX('Visit Log'!$Q$6:$Q$1005,MATCH($A31,'Visit Log'!$X$6:$X$1005,0))&"","") | K31: =IFERROR(INDEX('Visit Log'!$T$6:$T$1005,MATCH($A31,'Visit Log'!$X$6:$X$1005,0))&"","")
A32: 12 | B32: =IFERROR(IF(INDEX('Visit Log'!$A$6:$A$1005,MATCH($A32,'Visit Log'!$X$6:$X$1005,0))="","",INDEX('Visit Log'!$A$6:$A$1005,MATCH($A32,'Visit Log'!$X$6:$X$1005,0))),"") | C32: =IFERROR(INDEX('Visit Log'!$B$6:$B$1005,MATCH($A32,'Visit Log'!$X$6:$X$1005,0))&"","") | D32: =IFERROR(INDEX('Visit Log'!$F$6:$F$1005,MATCH($A32,'Visit Log'!$X$6:$X$1005,0))&"","") | E32: =IFERROR(INDEX('Visit Log'!$G$6:$G$1005,MATCH($A32,'Visit Log'!$X$6:$X$1005,0))&"","") | F32: =IFERROR(IF(INDEX('Visit Log'!$I$6:$I$1005,MATCH($A32,'Visit Log'!$X$6:$X$1005,0))="","",INDEX('Visit Log'!$I$6:$I$1005,MATCH($A32,'Visit Log'!$X$6:$X$1005,0))),"") | G32: =IFERROR(INDEX('Visit Log'!$J$6:$J$1005,MATCH($A32,'Visit Log'!$X$6:$X$1005,0))&"","") | H32: =IFERROR(INDEX('Visit Log'!$O$6:$O$1005,MATCH($A32,'Visit Log'!$X$6:$X$1005,0))&"","") | I32: =IFERROR(INDEX('Visit Log'!$P$6:$P$1005,MATCH($A32,'Visit Log'!$X$6:$X$1005,0))&"","") | J32: =IFERROR(INDEX('Visit Log'!$Q$6:$Q$1005,MATCH($A32,'Visit Log'!$X$6:$X$1005,0))&"","") | K32: =IFERROR(INDEX('Visit Log'!$T$6:$T$1005,MATCH($A32,'Visit Log'!$X$6:$X$1005,0))&"","")
